/*
 Navicat Premium Dump SQL

 Source Server         : localhost
 Source Server Type    : MySQL
 Source Server Version : 80039 (8.0.39)
 Source Host           : localhost:3306
 Source Schema         : sidifensen_blog

 Target Server Type    : MySQL
 Target Server Version : 80039 (8.0.39)
 File Encoding         : 65001

 Date: 16/08/2025 00:20:51
*/

SET NAMES utf8mb4;
SET FOREIGN_KEY_CHECKS = 0;

-- ----------------------------
-- Table structure for album
-- ----------------------------
DROP TABLE IF EXISTS `album`;
CREATE TABLE `album`  (
  `id` int NOT NULL AUTO_INCREMENT COMMENT '相册id',
  `user_id` bigint NOT NULL COMMENT '用户id',
  `name` varchar(10) CHARACTER SET utf8mb4 COLLATE utf8mb4_0900_ai_ci NOT NULL COMMENT '相册名称',
  `cover_url` varchar(400) CHARACTER SET utf8mb4 COLLATE utf8mb4_0900_ai_ci NULL DEFAULT NULL COMMENT '相册封面',
  `show_status` tinyint NOT NULL DEFAULT 0 COMMENT '展示状态 0-公开 1-私密',
  `create_time` datetime NOT NULL COMMENT '创建时间',
  `update_time` datetime NOT NULL COMMENT '更新时间',
  `is_deleted` tinyint NOT NULL DEFAULT 0 COMMENT '是否删除 0-未删除 1-已删除',
  PRIMARY KEY (`id`) USING BTREE,
  INDEX `idx_show_status`(`show_status` ASC) USING BTREE,
  INDEX `idx_user_status_create_time`(`user_id` ASC, `show_status` ASC, `create_time` ASC) USING BTREE
) ENGINE = InnoDB AUTO_INCREMENT = 6 CHARACTER SET = utf8mb4 COLLATE = utf8mb4_0900_ai_ci ROW_FORMAT = Dynamic;

-- ----------------------------
-- Records of album
-- ----------------------------
INSERT INTO `album` VALUES (1, 1, '风景', 'http://14.103.112.11:9000/sidifensen-blog/album/1/1/14d56ca203964a3da8f47316d3f1e8d2.jpg', 0, '2025-08-15 01:12:18', '2025-08-15 01:12:18', 0);
INSERT INTO `album` VALUES (2, 1, '壁纸', 'http://14.103.112.11:9000/sidifensen-blog/album/1/2/e9ef1601e7fd477da8a8819fa7ab25f9.webp', 0, '2025-08-15 01:16:51', '2025-08-15 01:16:51', 0);
INSERT INTO `album` VALUES (3, 1, '电脑壁纸', NULL, 0, '2025-08-15 01:17:16', '2025-08-15 01:17:16', 0);
INSERT INTO `album` VALUES (4, 1, '精美壁纸', NULL, 0, '2025-08-15 01:24:06', '2025-08-15 01:24:06', 0);
INSERT INTO `album` VALUES (5, 1, '1', NULL, 0, '2025-08-15 02:11:13', '2025-08-15 02:11:13', 0);

-- ----------------------------
-- Table structure for album_photo
-- ----------------------------
DROP TABLE IF EXISTS `album_photo`;
CREATE TABLE `album_photo`  (
  `id` int NOT NULL AUTO_INCREMENT COMMENT '主键id',
  `album_id` int NOT NULL COMMENT '相册id',
  `photo_id` int NOT NULL COMMENT '图片id',
  PRIMARY KEY (`id`) USING BTREE,
  INDEX `idx_album_id`(`album_id` ASC) USING BTREE,
  INDEX `idx_photo_id`(`photo_id` ASC) USING BTREE,
  INDEX `idx_album_photo`(`album_id` ASC, `photo_id` ASC) USING BTREE
) ENGINE = InnoDB AUTO_INCREMENT = 1004 CHARACTER SET = utf8mb4 COLLATE = utf8mb4_0900_ai_ci ROW_FORMAT = Dynamic;

-- ----------------------------
-- Records of album_photo
-- ----------------------------
INSERT INTO `album_photo` VALUES (1, 1, 1);
INSERT INTO `album_photo` VALUES (2, 1, 2);
INSERT INTO `album_photo` VALUES (3, 1, 3);
INSERT INTO `album_photo` VALUES (4, 1, 4);
INSERT INTO `album_photo` VALUES (5, 1, 5);
INSERT INTO `album_photo` VALUES (6, 1, 6);
INSERT INTO `album_photo` VALUES (7, 1, 7);
INSERT INTO `album_photo` VALUES (8, 1, 8);
INSERT INTO `album_photo` VALUES (9, 1, 9);
INSERT INTO `album_photo` VALUES (10, 1, 10);
INSERT INTO `album_photo` VALUES (11, 1, 11);
INSERT INTO `album_photo` VALUES (12, 1, 12);
INSERT INTO `album_photo` VALUES (13, 1, 13);
INSERT INTO `album_photo` VALUES (14, 1, 14);
INSERT INTO `album_photo` VALUES (15, 1, 15);
INSERT INTO `album_photo` VALUES (16, 1, 16);
INSERT INTO `album_photo` VALUES (17, 1, 17);
INSERT INTO `album_photo` VALUES (18, 1, 18);
INSERT INTO `album_photo` VALUES (19, 1, 19);
INSERT INTO `album_photo` VALUES (20, 1, 20);
INSERT INTO `album_photo` VALUES (21, 1, 21);
INSERT INTO `album_photo` VALUES (22, 1, 22);
INSERT INTO `album_photo` VALUES (23, 1, 23);
INSERT INTO `album_photo` VALUES (24, 1, 24);
INSERT INTO `album_photo` VALUES (25, 1, 25);
INSERT INTO `album_photo` VALUES (26, 1, 26);
INSERT INTO `album_photo` VALUES (27, 1, 27);
INSERT INTO `album_photo` VALUES (28, 1, 28);
INSERT INTO `album_photo` VALUES (29, 1, 29);
INSERT INTO `album_photo` VALUES (30, 1, 30);
INSERT INTO `album_photo` VALUES (31, 1, 31);
INSERT INTO `album_photo` VALUES (32, 1, 32);
INSERT INTO `album_photo` VALUES (33, 1, 33);
INSERT INTO `album_photo` VALUES (34, 1, 34);
INSERT INTO `album_photo` VALUES (35, 1, 35);
INSERT INTO `album_photo` VALUES (36, 1, 36);
INSERT INTO `album_photo` VALUES (37, 1, 37);
INSERT INTO `album_photo` VALUES (38, 1, 38);
INSERT INTO `album_photo` VALUES (39, 1, 39);
INSERT INTO `album_photo` VALUES (40, 1, 40);
INSERT INTO `album_photo` VALUES (41, 1, 41);
INSERT INTO `album_photo` VALUES (42, 1, 42);
INSERT INTO `album_photo` VALUES (43, 1, 43);
INSERT INTO `album_photo` VALUES (44, 1, 44);
INSERT INTO `album_photo` VALUES (45, 1, 45);
INSERT INTO `album_photo` VALUES (46, 1, 46);
INSERT INTO `album_photo` VALUES (47, 1, 47);
INSERT INTO `album_photo` VALUES (48, 1, 48);
INSERT INTO `album_photo` VALUES (49, 1, 49);
INSERT INTO `album_photo` VALUES (50, 1, 50);
INSERT INTO `album_photo` VALUES (51, 1, 51);
INSERT INTO `album_photo` VALUES (52, 1, 52);
INSERT INTO `album_photo` VALUES (53, 1, 53);
INSERT INTO `album_photo` VALUES (54, 1, 54);
INSERT INTO `album_photo` VALUES (55, 1, 55);
INSERT INTO `album_photo` VALUES (56, 1, 56);
INSERT INTO `album_photo` VALUES (57, 1, 57);
INSERT INTO `album_photo` VALUES (58, 1, 58);
INSERT INTO `album_photo` VALUES (59, 1, 59);
INSERT INTO `album_photo` VALUES (60, 1, 60);
INSERT INTO `album_photo` VALUES (61, 1, 61);
INSERT INTO `album_photo` VALUES (62, 1, 62);
INSERT INTO `album_photo` VALUES (63, 1, 63);
INSERT INTO `album_photo` VALUES (64, 1, 64);
INSERT INTO `album_photo` VALUES (65, 1, 65);
INSERT INTO `album_photo` VALUES (66, 1, 66);
INSERT INTO `album_photo` VALUES (67, 1, 67);
INSERT INTO `album_photo` VALUES (68, 1, 68);
INSERT INTO `album_photo` VALUES (69, 1, 69);
INSERT INTO `album_photo` VALUES (70, 1, 70);
INSERT INTO `album_photo` VALUES (71, 1, 71);
INSERT INTO `album_photo` VALUES (72, 1, 72);
INSERT INTO `album_photo` VALUES (73, 1, 73);
INSERT INTO `album_photo` VALUES (74, 1, 74);
INSERT INTO `album_photo` VALUES (75, 1, 75);
INSERT INTO `album_photo` VALUES (76, 1, 76);
INSERT INTO `album_photo` VALUES (77, 1, 77);
INSERT INTO `album_photo` VALUES (78, 1, 78);
INSERT INTO `album_photo` VALUES (79, 1, 79);
INSERT INTO `album_photo` VALUES (80, 1, 80);
INSERT INTO `album_photo` VALUES (81, 1, 81);
INSERT INTO `album_photo` VALUES (82, 1, 82);
INSERT INTO `album_photo` VALUES (83, 1, 83);
INSERT INTO `album_photo` VALUES (84, 1, 84);
INSERT INTO `album_photo` VALUES (85, 1, 85);
INSERT INTO `album_photo` VALUES (86, 1, 86);
INSERT INTO `album_photo` VALUES (87, 1, 87);
INSERT INTO `album_photo` VALUES (88, 1, 88);
INSERT INTO `album_photo` VALUES (89, 1, 89);
INSERT INTO `album_photo` VALUES (90, 1, 90);
INSERT INTO `album_photo` VALUES (91, 1, 91);
INSERT INTO `album_photo` VALUES (92, 1, 92);
INSERT INTO `album_photo` VALUES (93, 1, 93);
INSERT INTO `album_photo` VALUES (94, 1, 94);
INSERT INTO `album_photo` VALUES (95, 1, 95);
INSERT INTO `album_photo` VALUES (96, 1, 96);
INSERT INTO `album_photo` VALUES (97, 1, 97);
INSERT INTO `album_photo` VALUES (98, 1, 98);
INSERT INTO `album_photo` VALUES (99, 1, 99);
INSERT INTO `album_photo` VALUES (100, 1, 100);
INSERT INTO `album_photo` VALUES (101, 1, 101);
INSERT INTO `album_photo` VALUES (102, 1, 102);
INSERT INTO `album_photo` VALUES (103, 1, 103);
INSERT INTO `album_photo` VALUES (104, 1, 104);
INSERT INTO `album_photo` VALUES (105, 1, 105);
INSERT INTO `album_photo` VALUES (106, 1, 106);
INSERT INTO `album_photo` VALUES (107, 1, 107);
INSERT INTO `album_photo` VALUES (108, 1, 108);
INSERT INTO `album_photo` VALUES (109, 1, 109);
INSERT INTO `album_photo` VALUES (110, 1, 110);
INSERT INTO `album_photo` VALUES (111, 1, 111);
INSERT INTO `album_photo` VALUES (112, 1, 112);
INSERT INTO `album_photo` VALUES (113, 1, 113);
INSERT INTO `album_photo` VALUES (114, 1, 114);
INSERT INTO `album_photo` VALUES (115, 1, 115);
INSERT INTO `album_photo` VALUES (116, 1, 116);
INSERT INTO `album_photo` VALUES (117, 1, 117);
INSERT INTO `album_photo` VALUES (118, 1, 118);
INSERT INTO `album_photo` VALUES (119, 1, 119);
INSERT INTO `album_photo` VALUES (120, 1, 120);
INSERT INTO `album_photo` VALUES (121, 1, 121);
INSERT INTO `album_photo` VALUES (122, 1, 122);
INSERT INTO `album_photo` VALUES (123, 1, 123);
INSERT INTO `album_photo` VALUES (124, 1, 124);
INSERT INTO `album_photo` VALUES (125, 1, 125);
INSERT INTO `album_photo` VALUES (126, 1, 126);
INSERT INTO `album_photo` VALUES (127, 1, 127);
INSERT INTO `album_photo` VALUES (128, 1, 128);
INSERT INTO `album_photo` VALUES (129, 1, 129);
INSERT INTO `album_photo` VALUES (130, 1, 130);
INSERT INTO `album_photo` VALUES (131, 1, 131);
INSERT INTO `album_photo` VALUES (132, 1, 132);
INSERT INTO `album_photo` VALUES (133, 1, 133);
INSERT INTO `album_photo` VALUES (134, 1, 134);
INSERT INTO `album_photo` VALUES (135, 1, 135);
INSERT INTO `album_photo` VALUES (136, 1, 136);
INSERT INTO `album_photo` VALUES (137, 1, 137);
INSERT INTO `album_photo` VALUES (138, 1, 138);
INSERT INTO `album_photo` VALUES (139, 1, 139);
INSERT INTO `album_photo` VALUES (140, 1, 140);
INSERT INTO `album_photo` VALUES (141, 1, 141);
INSERT INTO `album_photo` VALUES (142, 1, 142);
INSERT INTO `album_photo` VALUES (143, 1, 143);
INSERT INTO `album_photo` VALUES (144, 1, 144);
INSERT INTO `album_photo` VALUES (145, 1, 145);
INSERT INTO `album_photo` VALUES (146, 1, 146);
INSERT INTO `album_photo` VALUES (147, 1, 147);
INSERT INTO `album_photo` VALUES (148, 1, 148);
INSERT INTO `album_photo` VALUES (149, 1, 149);
INSERT INTO `album_photo` VALUES (150, 1, 150);
INSERT INTO `album_photo` VALUES (151, 1, 151);
INSERT INTO `album_photo` VALUES (152, 1, 152);
INSERT INTO `album_photo` VALUES (153, 1, 153);
INSERT INTO `album_photo` VALUES (154, 1, 154);
INSERT INTO `album_photo` VALUES (155, 1, 155);
INSERT INTO `album_photo` VALUES (156, 1, 156);
INSERT INTO `album_photo` VALUES (157, 1, 157);
INSERT INTO `album_photo` VALUES (158, 1, 158);
INSERT INTO `album_photo` VALUES (159, 1, 159);
INSERT INTO `album_photo` VALUES (160, 1, 160);
INSERT INTO `album_photo` VALUES (161, 1, 161);
INSERT INTO `album_photo` VALUES (162, 1, 162);
INSERT INTO `album_photo` VALUES (163, 1, 163);
INSERT INTO `album_photo` VALUES (164, 1, 164);
INSERT INTO `album_photo` VALUES (165, 1, 165);
INSERT INTO `album_photo` VALUES (166, 1, 166);
INSERT INTO `album_photo` VALUES (167, 1, 167);
INSERT INTO `album_photo` VALUES (168, 1, 168);
INSERT INTO `album_photo` VALUES (169, 1, 169);
INSERT INTO `album_photo` VALUES (170, 1, 170);
INSERT INTO `album_photo` VALUES (171, 1, 171);
INSERT INTO `album_photo` VALUES (172, 1, 172);
INSERT INTO `album_photo` VALUES (173, 1, 173);
INSERT INTO `album_photo` VALUES (174, 1, 174);
INSERT INTO `album_photo` VALUES (175, 1, 175);
INSERT INTO `album_photo` VALUES (176, 1, 176);
INSERT INTO `album_photo` VALUES (177, 1, 177);
INSERT INTO `album_photo` VALUES (178, 1, 178);
INSERT INTO `album_photo` VALUES (179, 1, 179);
INSERT INTO `album_photo` VALUES (180, 1, 180);
INSERT INTO `album_photo` VALUES (181, 1, 181);
INSERT INTO `album_photo` VALUES (182, 1, 182);
INSERT INTO `album_photo` VALUES (183, 1, 183);
INSERT INTO `album_photo` VALUES (184, 1, 184);
INSERT INTO `album_photo` VALUES (185, 1, 185);
INSERT INTO `album_photo` VALUES (186, 1, 186);
INSERT INTO `album_photo` VALUES (187, 1, 187);
INSERT INTO `album_photo` VALUES (188, 1, 188);
INSERT INTO `album_photo` VALUES (189, 1, 189);
INSERT INTO `album_photo` VALUES (190, 1, 190);
INSERT INTO `album_photo` VALUES (191, 1, 191);
INSERT INTO `album_photo` VALUES (192, 1, 192);
INSERT INTO `album_photo` VALUES (193, 1, 193);
INSERT INTO `album_photo` VALUES (194, 1, 194);
INSERT INTO `album_photo` VALUES (195, 1, 195);
INSERT INTO `album_photo` VALUES (196, 1, 196);
INSERT INTO `album_photo` VALUES (197, 1, 197);
INSERT INTO `album_photo` VALUES (198, 1, 198);
INSERT INTO `album_photo` VALUES (199, 1, 199);
INSERT INTO `album_photo` VALUES (200, 1, 200);
INSERT INTO `album_photo` VALUES (201, 1, 201);
INSERT INTO `album_photo` VALUES (202, 1, 202);
INSERT INTO `album_photo` VALUES (203, 1, 203);
INSERT INTO `album_photo` VALUES (204, 1, 204);
INSERT INTO `album_photo` VALUES (205, 1, 205);
INSERT INTO `album_photo` VALUES (206, 1, 206);
INSERT INTO `album_photo` VALUES (207, 1, 207);
INSERT INTO `album_photo` VALUES (208, 1, 208);
INSERT INTO `album_photo` VALUES (209, 1, 209);
INSERT INTO `album_photo` VALUES (210, 1, 210);
INSERT INTO `album_photo` VALUES (211, 1, 211);
INSERT INTO `album_photo` VALUES (212, 1, 212);
INSERT INTO `album_photo` VALUES (213, 1, 213);
INSERT INTO `album_photo` VALUES (214, 1, 214);
INSERT INTO `album_photo` VALUES (215, 1, 215);
INSERT INTO `album_photo` VALUES (216, 1, 216);
INSERT INTO `album_photo` VALUES (217, 1, 217);
INSERT INTO `album_photo` VALUES (218, 1, 218);
INSERT INTO `album_photo` VALUES (219, 1, 219);
INSERT INTO `album_photo` VALUES (220, 1, 220);
INSERT INTO `album_photo` VALUES (221, 1, 221);
INSERT INTO `album_photo` VALUES (222, 1, 222);
INSERT INTO `album_photo` VALUES (223, 1, 223);
INSERT INTO `album_photo` VALUES (224, 1, 224);
INSERT INTO `album_photo` VALUES (225, 1, 225);
INSERT INTO `album_photo` VALUES (226, 1, 226);
INSERT INTO `album_photo` VALUES (227, 1, 227);
INSERT INTO `album_photo` VALUES (228, 1, 228);
INSERT INTO `album_photo` VALUES (229, 1, 229);
INSERT INTO `album_photo` VALUES (230, 1, 230);
INSERT INTO `album_photo` VALUES (231, 1, 231);
INSERT INTO `album_photo` VALUES (232, 1, 232);
INSERT INTO `album_photo` VALUES (233, 1, 233);
INSERT INTO `album_photo` VALUES (234, 1, 234);
INSERT INTO `album_photo` VALUES (235, 1, 235);
INSERT INTO `album_photo` VALUES (236, 1, 236);
INSERT INTO `album_photo` VALUES (237, 1, 237);
INSERT INTO `album_photo` VALUES (238, 1, 238);
INSERT INTO `album_photo` VALUES (239, 1, 239);
INSERT INTO `album_photo` VALUES (240, 1, 240);
INSERT INTO `album_photo` VALUES (241, 1, 241);
INSERT INTO `album_photo` VALUES (242, 1, 242);
INSERT INTO `album_photo` VALUES (243, 1, 243);
INSERT INTO `album_photo` VALUES (244, 1, 244);
INSERT INTO `album_photo` VALUES (245, 1, 245);
INSERT INTO `album_photo` VALUES (246, 1, 246);
INSERT INTO `album_photo` VALUES (247, 1, 247);
INSERT INTO `album_photo` VALUES (248, 1, 248);
INSERT INTO `album_photo` VALUES (249, 1, 249);
INSERT INTO `album_photo` VALUES (250, 1, 250);
INSERT INTO `album_photo` VALUES (251, 1, 251);
INSERT INTO `album_photo` VALUES (252, 1, 252);
INSERT INTO `album_photo` VALUES (253, 1, 253);
INSERT INTO `album_photo` VALUES (254, 1, 254);
INSERT INTO `album_photo` VALUES (255, 1, 255);
INSERT INTO `album_photo` VALUES (256, 1, 256);
INSERT INTO `album_photo` VALUES (257, 1, 257);
INSERT INTO `album_photo` VALUES (258, 1, 258);
INSERT INTO `album_photo` VALUES (259, 1, 259);
INSERT INTO `album_photo` VALUES (260, 1, 260);
INSERT INTO `album_photo` VALUES (261, 1, 261);
INSERT INTO `album_photo` VALUES (262, 1, 262);
INSERT INTO `album_photo` VALUES (263, 1, 263);
INSERT INTO `album_photo` VALUES (264, 1, 264);
INSERT INTO `album_photo` VALUES (265, 1, 265);
INSERT INTO `album_photo` VALUES (266, 1, 266);
INSERT INTO `album_photo` VALUES (267, 1, 267);
INSERT INTO `album_photo` VALUES (268, 1, 268);
INSERT INTO `album_photo` VALUES (269, 1, 269);
INSERT INTO `album_photo` VALUES (270, 1, 270);
INSERT INTO `album_photo` VALUES (271, 1, 271);
INSERT INTO `album_photo` VALUES (272, 1, 272);
INSERT INTO `album_photo` VALUES (273, 1, 273);
INSERT INTO `album_photo` VALUES (274, 1, 274);
INSERT INTO `album_photo` VALUES (275, 1, 275);
INSERT INTO `album_photo` VALUES (276, 1, 276);
INSERT INTO `album_photo` VALUES (277, 1, 277);
INSERT INTO `album_photo` VALUES (278, 1, 278);
INSERT INTO `album_photo` VALUES (279, 1, 279);
INSERT INTO `album_photo` VALUES (280, 1, 280);
INSERT INTO `album_photo` VALUES (281, 1, 281);
INSERT INTO `album_photo` VALUES (282, 1, 282);
INSERT INTO `album_photo` VALUES (283, 1, 283);
INSERT INTO `album_photo` VALUES (284, 1, 284);
INSERT INTO `album_photo` VALUES (285, 1, 285);
INSERT INTO `album_photo` VALUES (286, 1, 286);
INSERT INTO `album_photo` VALUES (287, 1, 287);
INSERT INTO `album_photo` VALUES (288, 1, 288);
INSERT INTO `album_photo` VALUES (289, 1, 289);
INSERT INTO `album_photo` VALUES (290, 1, 290);
INSERT INTO `album_photo` VALUES (291, 1, 291);
INSERT INTO `album_photo` VALUES (292, 1, 292);
INSERT INTO `album_photo` VALUES (293, 1, 293);
INSERT INTO `album_photo` VALUES (294, 1, 294);
INSERT INTO `album_photo` VALUES (295, 1, 295);
INSERT INTO `album_photo` VALUES (296, 1, 296);
INSERT INTO `album_photo` VALUES (297, 1, 297);
INSERT INTO `album_photo` VALUES (298, 1, 298);
INSERT INTO `album_photo` VALUES (299, 1, 299);
INSERT INTO `album_photo` VALUES (300, 1, 300);
INSERT INTO `album_photo` VALUES (301, 1, 301);
INSERT INTO `album_photo` VALUES (302, 1, 302);
INSERT INTO `album_photo` VALUES (303, 1, 303);
INSERT INTO `album_photo` VALUES (304, 1, 304);
INSERT INTO `album_photo` VALUES (305, 1, 305);
INSERT INTO `album_photo` VALUES (306, 1, 306);
INSERT INTO `album_photo` VALUES (307, 1, 307);
INSERT INTO `album_photo` VALUES (308, 1, 308);
INSERT INTO `album_photo` VALUES (309, 1, 309);
INSERT INTO `album_photo` VALUES (310, 1, 310);
INSERT INTO `album_photo` VALUES (311, 1, 311);
INSERT INTO `album_photo` VALUES (312, 1, 312);
INSERT INTO `album_photo` VALUES (313, 1, 313);
INSERT INTO `album_photo` VALUES (314, 1, 314);
INSERT INTO `album_photo` VALUES (315, 1, 315);
INSERT INTO `album_photo` VALUES (316, 1, 316);
INSERT INTO `album_photo` VALUES (317, 1, 317);
INSERT INTO `album_photo` VALUES (318, 1, 318);
INSERT INTO `album_photo` VALUES (319, 1, 319);
INSERT INTO `album_photo` VALUES (320, 1, 320);
INSERT INTO `album_photo` VALUES (321, 1, 321);
INSERT INTO `album_photo` VALUES (322, 1, 322);
INSERT INTO `album_photo` VALUES (323, 1, 323);
INSERT INTO `album_photo` VALUES (324, 1, 324);
INSERT INTO `album_photo` VALUES (325, 1, 325);
INSERT INTO `album_photo` VALUES (326, 1, 326);
INSERT INTO `album_photo` VALUES (327, 1, 327);
INSERT INTO `album_photo` VALUES (328, 1, 328);
INSERT INTO `album_photo` VALUES (329, 1, 329);
INSERT INTO `album_photo` VALUES (330, 1, 330);
INSERT INTO `album_photo` VALUES (331, 1, 331);
INSERT INTO `album_photo` VALUES (332, 1, 332);
INSERT INTO `album_photo` VALUES (333, 1, 333);
INSERT INTO `album_photo` VALUES (334, 1, 334);
INSERT INTO `album_photo` VALUES (335, 1, 335);
INSERT INTO `album_photo` VALUES (336, 1, 336);
INSERT INTO `album_photo` VALUES (337, 1, 337);
INSERT INTO `album_photo` VALUES (338, 1, 338);
INSERT INTO `album_photo` VALUES (339, 1, 339);
INSERT INTO `album_photo` VALUES (340, 1, 340);
INSERT INTO `album_photo` VALUES (341, 1, 341);
INSERT INTO `album_photo` VALUES (342, 1, 342);
INSERT INTO `album_photo` VALUES (343, 1, 343);
INSERT INTO `album_photo` VALUES (344, 1, 344);
INSERT INTO `album_photo` VALUES (345, 1, 345);
INSERT INTO `album_photo` VALUES (346, 1, 346);
INSERT INTO `album_photo` VALUES (347, 1, 347);
INSERT INTO `album_photo` VALUES (348, 1, 348);
INSERT INTO `album_photo` VALUES (349, 1, 349);
INSERT INTO `album_photo` VALUES (350, 1, 350);
INSERT INTO `album_photo` VALUES (351, 1, 351);
INSERT INTO `album_photo` VALUES (352, 1, 352);
INSERT INTO `album_photo` VALUES (353, 1, 353);
INSERT INTO `album_photo` VALUES (354, 1, 354);
INSERT INTO `album_photo` VALUES (355, 1, 355);
INSERT INTO `album_photo` VALUES (356, 1, 356);
INSERT INTO `album_photo` VALUES (357, 1, 357);
INSERT INTO `album_photo` VALUES (358, 1, 358);
INSERT INTO `album_photo` VALUES (359, 1, 359);
INSERT INTO `album_photo` VALUES (360, 1, 360);
INSERT INTO `album_photo` VALUES (361, 1, 361);
INSERT INTO `album_photo` VALUES (362, 1, 362);
INSERT INTO `album_photo` VALUES (363, 1, 363);
INSERT INTO `album_photo` VALUES (364, 1, 364);
INSERT INTO `album_photo` VALUES (365, 1, 365);
INSERT INTO `album_photo` VALUES (366, 1, 366);
INSERT INTO `album_photo` VALUES (367, 1, 367);
INSERT INTO `album_photo` VALUES (368, 1, 368);
INSERT INTO `album_photo` VALUES (369, 1, 369);
INSERT INTO `album_photo` VALUES (370, 1, 370);
INSERT INTO `album_photo` VALUES (371, 1, 371);
INSERT INTO `album_photo` VALUES (372, 1, 372);
INSERT INTO `album_photo` VALUES (373, 1, 373);
INSERT INTO `album_photo` VALUES (374, 1, 374);
INSERT INTO `album_photo` VALUES (375, 1, 375);
INSERT INTO `album_photo` VALUES (376, 1, 376);
INSERT INTO `album_photo` VALUES (377, 1, 377);
INSERT INTO `album_photo` VALUES (378, 1, 378);
INSERT INTO `album_photo` VALUES (379, 1, 379);
INSERT INTO `album_photo` VALUES (380, 1, 380);
INSERT INTO `album_photo` VALUES (381, 1, 381);
INSERT INTO `album_photo` VALUES (382, 1, 382);
INSERT INTO `album_photo` VALUES (383, 1, 383);
INSERT INTO `album_photo` VALUES (384, 1, 384);
INSERT INTO `album_photo` VALUES (385, 1, 385);
INSERT INTO `album_photo` VALUES (386, 1, 386);
INSERT INTO `album_photo` VALUES (387, 1, 387);
INSERT INTO `album_photo` VALUES (388, 1, 388);
INSERT INTO `album_photo` VALUES (389, 1, 389);
INSERT INTO `album_photo` VALUES (390, 1, 390);
INSERT INTO `album_photo` VALUES (391, 1, 391);
INSERT INTO `album_photo` VALUES (392, 1, 392);
INSERT INTO `album_photo` VALUES (393, 1, 393);
INSERT INTO `album_photo` VALUES (394, 1, 394);
INSERT INTO `album_photo` VALUES (395, 1, 395);
INSERT INTO `album_photo` VALUES (396, 1, 396);
INSERT INTO `album_photo` VALUES (397, 1, 397);
INSERT INTO `album_photo` VALUES (398, 1, 398);
INSERT INTO `album_photo` VALUES (399, 1, 399);
INSERT INTO `album_photo` VALUES (400, 1, 400);
INSERT INTO `album_photo` VALUES (401, 1, 401);
INSERT INTO `album_photo` VALUES (402, 1, 402);
INSERT INTO `album_photo` VALUES (403, 1, 403);
INSERT INTO `album_photo` VALUES (404, 1, 404);
INSERT INTO `album_photo` VALUES (405, 1, 405);
INSERT INTO `album_photo` VALUES (406, 1, 406);
INSERT INTO `album_photo` VALUES (407, 1, 407);
INSERT INTO `album_photo` VALUES (408, 1, 408);
INSERT INTO `album_photo` VALUES (409, 1, 409);
INSERT INTO `album_photo` VALUES (410, 1, 410);
INSERT INTO `album_photo` VALUES (411, 1, 411);
INSERT INTO `album_photo` VALUES (412, 1, 412);
INSERT INTO `album_photo` VALUES (413, 1, 413);
INSERT INTO `album_photo` VALUES (414, 1, 414);
INSERT INTO `album_photo` VALUES (415, 1, 415);
INSERT INTO `album_photo` VALUES (416, 1, 416);
INSERT INTO `album_photo` VALUES (417, 1, 417);
INSERT INTO `album_photo` VALUES (418, 1, 418);
INSERT INTO `album_photo` VALUES (419, 1, 419);
INSERT INTO `album_photo` VALUES (420, 1, 420);
INSERT INTO `album_photo` VALUES (421, 1, 421);
INSERT INTO `album_photo` VALUES (422, 1, 422);
INSERT INTO `album_photo` VALUES (423, 1, 423);
INSERT INTO `album_photo` VALUES (424, 1, 424);
INSERT INTO `album_photo` VALUES (425, 1, 425);
INSERT INTO `album_photo` VALUES (426, 1, 426);
INSERT INTO `album_photo` VALUES (427, 1, 427);
INSERT INTO `album_photo` VALUES (428, 1, 428);
INSERT INTO `album_photo` VALUES (429, 1, 429);
INSERT INTO `album_photo` VALUES (430, 1, 430);
INSERT INTO `album_photo` VALUES (431, 1, 431);
INSERT INTO `album_photo` VALUES (432, 1, 432);
INSERT INTO `album_photo` VALUES (433, 1, 433);
INSERT INTO `album_photo` VALUES (434, 1, 434);
INSERT INTO `album_photo` VALUES (435, 1, 435);
INSERT INTO `album_photo` VALUES (436, 1, 436);
INSERT INTO `album_photo` VALUES (437, 1, 437);
INSERT INTO `album_photo` VALUES (438, 1, 438);
INSERT INTO `album_photo` VALUES (439, 1, 439);
INSERT INTO `album_photo` VALUES (440, 1, 440);
INSERT INTO `album_photo` VALUES (441, 1, 441);
INSERT INTO `album_photo` VALUES (442, 1, 442);
INSERT INTO `album_photo` VALUES (443, 1, 443);
INSERT INTO `album_photo` VALUES (444, 1, 444);
INSERT INTO `album_photo` VALUES (445, 1, 445);
INSERT INTO `album_photo` VALUES (446, 1, 446);
INSERT INTO `album_photo` VALUES (447, 1, 447);
INSERT INTO `album_photo` VALUES (448, 1, 448);
INSERT INTO `album_photo` VALUES (449, 1, 449);
INSERT INTO `album_photo` VALUES (450, 1, 450);
INSERT INTO `album_photo` VALUES (451, 1, 451);
INSERT INTO `album_photo` VALUES (452, 1, 452);
INSERT INTO `album_photo` VALUES (453, 1, 453);
INSERT INTO `album_photo` VALUES (454, 1, 454);
INSERT INTO `album_photo` VALUES (455, 1, 455);
INSERT INTO `album_photo` VALUES (456, 1, 456);
INSERT INTO `album_photo` VALUES (457, 1, 457);
INSERT INTO `album_photo` VALUES (458, 1, 458);
INSERT INTO `album_photo` VALUES (459, 1, 459);
INSERT INTO `album_photo` VALUES (460, 1, 460);
INSERT INTO `album_photo` VALUES (461, 1, 461);
INSERT INTO `album_photo` VALUES (462, 1, 462);
INSERT INTO `album_photo` VALUES (463, 1, 463);
INSERT INTO `album_photo` VALUES (464, 1, 464);
INSERT INTO `album_photo` VALUES (465, 1, 465);
INSERT INTO `album_photo` VALUES (466, 1, 466);
INSERT INTO `album_photo` VALUES (467, 1, 467);
INSERT INTO `album_photo` VALUES (468, 1, 468);
INSERT INTO `album_photo` VALUES (469, 1, 469);
INSERT INTO `album_photo` VALUES (470, 1, 470);
INSERT INTO `album_photo` VALUES (471, 1, 471);
INSERT INTO `album_photo` VALUES (472, 1, 472);
INSERT INTO `album_photo` VALUES (473, 1, 473);
INSERT INTO `album_photo` VALUES (474, 1, 474);
INSERT INTO `album_photo` VALUES (475, 1, 475);
INSERT INTO `album_photo` VALUES (476, 1, 476);
INSERT INTO `album_photo` VALUES (477, 1, 477);
INSERT INTO `album_photo` VALUES (478, 1, 478);
INSERT INTO `album_photo` VALUES (479, 1, 479);
INSERT INTO `album_photo` VALUES (480, 1, 480);
INSERT INTO `album_photo` VALUES (481, 1, 481);
INSERT INTO `album_photo` VALUES (482, 1, 482);
INSERT INTO `album_photo` VALUES (483, 1, 483);
INSERT INTO `album_photo` VALUES (484, 1, 484);
INSERT INTO `album_photo` VALUES (485, 1, 485);
INSERT INTO `album_photo` VALUES (486, 1, 486);
INSERT INTO `album_photo` VALUES (487, 1, 487);
INSERT INTO `album_photo` VALUES (488, 1, 488);
INSERT INTO `album_photo` VALUES (489, 1, 489);
INSERT INTO `album_photo` VALUES (490, 1, 490);
INSERT INTO `album_photo` VALUES (491, 1, 491);
INSERT INTO `album_photo` VALUES (492, 1, 492);
INSERT INTO `album_photo` VALUES (493, 1, 493);
INSERT INTO `album_photo` VALUES (494, 1, 494);
INSERT INTO `album_photo` VALUES (495, 1, 495);
INSERT INTO `album_photo` VALUES (496, 1, 496);
INSERT INTO `album_photo` VALUES (497, 1, 497);
INSERT INTO `album_photo` VALUES (498, 1, 498);
INSERT INTO `album_photo` VALUES (499, 1, 499);
INSERT INTO `album_photo` VALUES (500, 1, 500);
INSERT INTO `album_photo` VALUES (501, 1, 501);
INSERT INTO `album_photo` VALUES (502, 1, 502);
INSERT INTO `album_photo` VALUES (503, 1, 503);
INSERT INTO `album_photo` VALUES (504, 1, 504);
INSERT INTO `album_photo` VALUES (505, 1, 505);
INSERT INTO `album_photo` VALUES (506, 1, 506);
INSERT INTO `album_photo` VALUES (507, 1, 507);
INSERT INTO `album_photo` VALUES (508, 1, 508);
INSERT INTO `album_photo` VALUES (509, 1, 509);
INSERT INTO `album_photo` VALUES (510, 1, 510);
INSERT INTO `album_photo` VALUES (511, 1, 511);
INSERT INTO `album_photo` VALUES (512, 1, 512);
INSERT INTO `album_photo` VALUES (513, 1, 513);
INSERT INTO `album_photo` VALUES (514, 1, 514);
INSERT INTO `album_photo` VALUES (515, 1, 515);
INSERT INTO `album_photo` VALUES (516, 1, 516);
INSERT INTO `album_photo` VALUES (517, 1, 517);
INSERT INTO `album_photo` VALUES (518, 1, 518);
INSERT INTO `album_photo` VALUES (519, 1, 519);
INSERT INTO `album_photo` VALUES (520, 1, 520);
INSERT INTO `album_photo` VALUES (521, 1, 521);
INSERT INTO `album_photo` VALUES (522, 1, 522);
INSERT INTO `album_photo` VALUES (523, 1, 523);
INSERT INTO `album_photo` VALUES (524, 1, 524);
INSERT INTO `album_photo` VALUES (525, 1, 525);
INSERT INTO `album_photo` VALUES (526, 1, 526);
INSERT INTO `album_photo` VALUES (527, 1, 527);
INSERT INTO `album_photo` VALUES (528, 1, 528);
INSERT INTO `album_photo` VALUES (529, 1, 529);
INSERT INTO `album_photo` VALUES (530, 1, 530);
INSERT INTO `album_photo` VALUES (531, 1, 531);
INSERT INTO `album_photo` VALUES (532, 1, 532);
INSERT INTO `album_photo` VALUES (533, 1, 533);
INSERT INTO `album_photo` VALUES (534, 1, 534);
INSERT INTO `album_photo` VALUES (535, 1, 535);
INSERT INTO `album_photo` VALUES (536, 1, 536);
INSERT INTO `album_photo` VALUES (537, 1, 537);
INSERT INTO `album_photo` VALUES (538, 1, 538);
INSERT INTO `album_photo` VALUES (539, 1, 539);
INSERT INTO `album_photo` VALUES (540, 1, 540);
INSERT INTO `album_photo` VALUES (541, 1, 541);
INSERT INTO `album_photo` VALUES (542, 1, 542);
INSERT INTO `album_photo` VALUES (543, 1, 543);
INSERT INTO `album_photo` VALUES (544, 1, 544);
INSERT INTO `album_photo` VALUES (545, 1, 545);
INSERT INTO `album_photo` VALUES (546, 1, 546);
INSERT INTO `album_photo` VALUES (547, 1, 547);
INSERT INTO `album_photo` VALUES (548, 1, 548);
INSERT INTO `album_photo` VALUES (549, 1, 549);
INSERT INTO `album_photo` VALUES (550, 1, 550);
INSERT INTO `album_photo` VALUES (551, 1, 551);
INSERT INTO `album_photo` VALUES (552, 1, 552);
INSERT INTO `album_photo` VALUES (553, 1, 553);
INSERT INTO `album_photo` VALUES (554, 1, 554);
INSERT INTO `album_photo` VALUES (555, 1, 555);
INSERT INTO `album_photo` VALUES (556, 1, 556);
INSERT INTO `album_photo` VALUES (557, 1, 557);
INSERT INTO `album_photo` VALUES (558, 1, 558);
INSERT INTO `album_photo` VALUES (559, 1, 559);
INSERT INTO `album_photo` VALUES (560, 1, 560);
INSERT INTO `album_photo` VALUES (561, 1, 561);
INSERT INTO `album_photo` VALUES (562, 1, 562);
INSERT INTO `album_photo` VALUES (563, 1, 563);
INSERT INTO `album_photo` VALUES (564, 1, 564);
INSERT INTO `album_photo` VALUES (565, 1, 565);
INSERT INTO `album_photo` VALUES (566, 1, 566);
INSERT INTO `album_photo` VALUES (567, 1, 567);
INSERT INTO `album_photo` VALUES (568, 1, 568);
INSERT INTO `album_photo` VALUES (569, 1, 569);
INSERT INTO `album_photo` VALUES (570, 1, 570);
INSERT INTO `album_photo` VALUES (571, 1, 571);
INSERT INTO `album_photo` VALUES (572, 1, 572);
INSERT INTO `album_photo` VALUES (573, 1, 573);
INSERT INTO `album_photo` VALUES (574, 1, 574);
INSERT INTO `album_photo` VALUES (575, 1, 575);
INSERT INTO `album_photo` VALUES (576, 1, 576);
INSERT INTO `album_photo` VALUES (577, 1, 577);
INSERT INTO `album_photo` VALUES (578, 1, 578);
INSERT INTO `album_photo` VALUES (579, 1, 579);
INSERT INTO `album_photo` VALUES (580, 1, 580);
INSERT INTO `album_photo` VALUES (581, 1, 581);
INSERT INTO `album_photo` VALUES (582, 1, 582);
INSERT INTO `album_photo` VALUES (583, 1, 583);
INSERT INTO `album_photo` VALUES (584, 1, 584);
INSERT INTO `album_photo` VALUES (585, 1, 585);
INSERT INTO `album_photo` VALUES (586, 1, 586);
INSERT INTO `album_photo` VALUES (587, 1, 587);
INSERT INTO `album_photo` VALUES (588, 1, 588);
INSERT INTO `album_photo` VALUES (589, 1, 589);
INSERT INTO `album_photo` VALUES (590, 1, 590);
INSERT INTO `album_photo` VALUES (591, 1, 591);
INSERT INTO `album_photo` VALUES (592, 1, 592);
INSERT INTO `album_photo` VALUES (593, 1, 593);
INSERT INTO `album_photo` VALUES (594, 1, 594);
INSERT INTO `album_photo` VALUES (595, 1, 595);
INSERT INTO `album_photo` VALUES (596, 1, 596);
INSERT INTO `album_photo` VALUES (597, 1, 597);
INSERT INTO `album_photo` VALUES (598, 1, 598);
INSERT INTO `album_photo` VALUES (599, 1, 599);
INSERT INTO `album_photo` VALUES (600, 1, 600);
INSERT INTO `album_photo` VALUES (601, 1, 601);
INSERT INTO `album_photo` VALUES (602, 1, 602);
INSERT INTO `album_photo` VALUES (603, 1, 603);
INSERT INTO `album_photo` VALUES (604, 1, 604);
INSERT INTO `album_photo` VALUES (605, 1, 605);
INSERT INTO `album_photo` VALUES (606, 1, 606);
INSERT INTO `album_photo` VALUES (607, 1, 607);
INSERT INTO `album_photo` VALUES (608, 1, 608);
INSERT INTO `album_photo` VALUES (609, 1, 609);
INSERT INTO `album_photo` VALUES (610, 1, 610);
INSERT INTO `album_photo` VALUES (611, 1, 611);
INSERT INTO `album_photo` VALUES (612, 1, 612);
INSERT INTO `album_photo` VALUES (613, 1, 613);
INSERT INTO `album_photo` VALUES (614, 1, 614);
INSERT INTO `album_photo` VALUES (615, 1, 615);
INSERT INTO `album_photo` VALUES (616, 1, 616);
INSERT INTO `album_photo` VALUES (617, 1, 617);
INSERT INTO `album_photo` VALUES (618, 1, 618);
INSERT INTO `album_photo` VALUES (619, 1, 619);
INSERT INTO `album_photo` VALUES (620, 1, 620);
INSERT INTO `album_photo` VALUES (621, 1, 621);
INSERT INTO `album_photo` VALUES (622, 1, 622);
INSERT INTO `album_photo` VALUES (623, 1, 623);
INSERT INTO `album_photo` VALUES (624, 1, 624);
INSERT INTO `album_photo` VALUES (625, 1, 625);
INSERT INTO `album_photo` VALUES (626, 1, 626);
INSERT INTO `album_photo` VALUES (627, 1, 627);
INSERT INTO `album_photo` VALUES (628, 1, 628);
INSERT INTO `album_photo` VALUES (629, 1, 629);
INSERT INTO `album_photo` VALUES (630, 1, 630);
INSERT INTO `album_photo` VALUES (631, 1, 631);
INSERT INTO `album_photo` VALUES (632, 1, 632);
INSERT INTO `album_photo` VALUES (633, 1, 633);
INSERT INTO `album_photo` VALUES (634, 1, 634);
INSERT INTO `album_photo` VALUES (635, 1, 635);
INSERT INTO `album_photo` VALUES (636, 1, 636);
INSERT INTO `album_photo` VALUES (637, 1, 637);
INSERT INTO `album_photo` VALUES (638, 1, 638);
INSERT INTO `album_photo` VALUES (639, 1, 639);
INSERT INTO `album_photo` VALUES (640, 1, 640);
INSERT INTO `album_photo` VALUES (641, 1, 641);
INSERT INTO `album_photo` VALUES (642, 1, 642);
INSERT INTO `album_photo` VALUES (643, 1, 643);
INSERT INTO `album_photo` VALUES (644, 1, 644);
INSERT INTO `album_photo` VALUES (645, 1, 645);
INSERT INTO `album_photo` VALUES (646, 1, 646);
INSERT INTO `album_photo` VALUES (647, 1, 647);
INSERT INTO `album_photo` VALUES (648, 1, 648);
INSERT INTO `album_photo` VALUES (649, 1, 649);
INSERT INTO `album_photo` VALUES (650, 1, 650);
INSERT INTO `album_photo` VALUES (651, 1, 651);
INSERT INTO `album_photo` VALUES (652, 1, 652);
INSERT INTO `album_photo` VALUES (653, 1, 653);
INSERT INTO `album_photo` VALUES (654, 1, 654);
INSERT INTO `album_photo` VALUES (655, 1, 655);
INSERT INTO `album_photo` VALUES (656, 1, 656);
INSERT INTO `album_photo` VALUES (657, 1, 657);
INSERT INTO `album_photo` VALUES (658, 1, 658);
INSERT INTO `album_photo` VALUES (659, 1, 659);
INSERT INTO `album_photo` VALUES (660, 1, 660);
INSERT INTO `album_photo` VALUES (661, 1, 661);
INSERT INTO `album_photo` VALUES (662, 1, 662);
INSERT INTO `album_photo` VALUES (663, 1, 663);
INSERT INTO `album_photo` VALUES (664, 1, 664);
INSERT INTO `album_photo` VALUES (665, 1, 665);
INSERT INTO `album_photo` VALUES (666, 1, 666);
INSERT INTO `album_photo` VALUES (667, 1, 667);
INSERT INTO `album_photo` VALUES (668, 1, 668);
INSERT INTO `album_photo` VALUES (669, 1, 669);
INSERT INTO `album_photo` VALUES (670, 1, 670);
INSERT INTO `album_photo` VALUES (671, 1, 671);
INSERT INTO `album_photo` VALUES (672, 1, 672);
INSERT INTO `album_photo` VALUES (673, 1, 673);
INSERT INTO `album_photo` VALUES (674, 1, 674);
INSERT INTO `album_photo` VALUES (675, 1, 675);
INSERT INTO `album_photo` VALUES (676, 1, 676);
INSERT INTO `album_photo` VALUES (677, 1, 677);
INSERT INTO `album_photo` VALUES (678, 1, 678);
INSERT INTO `album_photo` VALUES (679, 1, 679);
INSERT INTO `album_photo` VALUES (680, 1, 680);
INSERT INTO `album_photo` VALUES (681, 1, 681);
INSERT INTO `album_photo` VALUES (682, 1, 682);
INSERT INTO `album_photo` VALUES (683, 1, 683);
INSERT INTO `album_photo` VALUES (684, 1, 684);
INSERT INTO `album_photo` VALUES (685, 1, 685);
INSERT INTO `album_photo` VALUES (686, 1, 686);
INSERT INTO `album_photo` VALUES (687, 1, 687);
INSERT INTO `album_photo` VALUES (688, 1, 688);
INSERT INTO `album_photo` VALUES (689, 1, 689);
INSERT INTO `album_photo` VALUES (690, 1, 690);
INSERT INTO `album_photo` VALUES (691, 1, 691);
INSERT INTO `album_photo` VALUES (692, 1, 692);
INSERT INTO `album_photo` VALUES (693, 1, 693);
INSERT INTO `album_photo` VALUES (694, 1, 694);
INSERT INTO `album_photo` VALUES (695, 1, 695);
INSERT INTO `album_photo` VALUES (696, 1, 696);
INSERT INTO `album_photo` VALUES (697, 1, 697);
INSERT INTO `album_photo` VALUES (698, 1, 698);
INSERT INTO `album_photo` VALUES (699, 1, 699);
INSERT INTO `album_photo` VALUES (700, 1, 700);
INSERT INTO `album_photo` VALUES (701, 1, 701);
INSERT INTO `album_photo` VALUES (702, 1, 702);
INSERT INTO `album_photo` VALUES (703, 1, 703);
INSERT INTO `album_photo` VALUES (704, 1, 704);
INSERT INTO `album_photo` VALUES (705, 1, 705);
INSERT INTO `album_photo` VALUES (706, 1, 706);
INSERT INTO `album_photo` VALUES (707, 1, 707);
INSERT INTO `album_photo` VALUES (708, 1, 708);
INSERT INTO `album_photo` VALUES (709, 1, 709);
INSERT INTO `album_photo` VALUES (710, 1, 710);
INSERT INTO `album_photo` VALUES (711, 1, 711);
INSERT INTO `album_photo` VALUES (712, 1, 712);
INSERT INTO `album_photo` VALUES (713, 1, 713);
INSERT INTO `album_photo` VALUES (714, 1, 714);
INSERT INTO `album_photo` VALUES (715, 1, 715);
INSERT INTO `album_photo` VALUES (716, 1, 716);
INSERT INTO `album_photo` VALUES (717, 1, 717);
INSERT INTO `album_photo` VALUES (718, 1, 718);
INSERT INTO `album_photo` VALUES (719, 1, 719);
INSERT INTO `album_photo` VALUES (720, 1, 720);
INSERT INTO `album_photo` VALUES (721, 1, 721);
INSERT INTO `album_photo` VALUES (722, 1, 722);
INSERT INTO `album_photo` VALUES (723, 1, 723);
INSERT INTO `album_photo` VALUES (724, 1, 724);
INSERT INTO `album_photo` VALUES (725, 1, 725);
INSERT INTO `album_photo` VALUES (726, 1, 726);
INSERT INTO `album_photo` VALUES (727, 1, 727);
INSERT INTO `album_photo` VALUES (728, 1, 728);
INSERT INTO `album_photo` VALUES (729, 1, 729);
INSERT INTO `album_photo` VALUES (730, 1, 730);
INSERT INTO `album_photo` VALUES (731, 1, 731);
INSERT INTO `album_photo` VALUES (732, 1, 732);
INSERT INTO `album_photo` VALUES (733, 1, 733);
INSERT INTO `album_photo` VALUES (734, 1, 734);
INSERT INTO `album_photo` VALUES (735, 1, 735);
INSERT INTO `album_photo` VALUES (736, 1, 736);
INSERT INTO `album_photo` VALUES (737, 1, 737);
INSERT INTO `album_photo` VALUES (738, 1, 738);
INSERT INTO `album_photo` VALUES (739, 1, 739);
INSERT INTO `album_photo` VALUES (740, 1, 740);
INSERT INTO `album_photo` VALUES (741, 1, 741);
INSERT INTO `album_photo` VALUES (742, 1, 742);
INSERT INTO `album_photo` VALUES (743, 1, 743);
INSERT INTO `album_photo` VALUES (744, 1, 744);
INSERT INTO `album_photo` VALUES (745, 1, 745);
INSERT INTO `album_photo` VALUES (746, 1, 746);
INSERT INTO `album_photo` VALUES (747, 1, 747);
INSERT INTO `album_photo` VALUES (748, 1, 748);
INSERT INTO `album_photo` VALUES (749, 1, 749);
INSERT INTO `album_photo` VALUES (750, 1, 750);
INSERT INTO `album_photo` VALUES (751, 1, 751);
INSERT INTO `album_photo` VALUES (752, 1, 752);
INSERT INTO `album_photo` VALUES (753, 1, 753);
INSERT INTO `album_photo` VALUES (754, 1, 754);
INSERT INTO `album_photo` VALUES (755, 1, 755);
INSERT INTO `album_photo` VALUES (756, 1, 756);
INSERT INTO `album_photo` VALUES (757, 1, 757);
INSERT INTO `album_photo` VALUES (758, 1, 758);
INSERT INTO `album_photo` VALUES (759, 1, 759);
INSERT INTO `album_photo` VALUES (760, 1, 760);
INSERT INTO `album_photo` VALUES (761, 1, 761);
INSERT INTO `album_photo` VALUES (762, 1, 762);
INSERT INTO `album_photo` VALUES (763, 1, 763);
INSERT INTO `album_photo` VALUES (764, 1, 764);
INSERT INTO `album_photo` VALUES (765, 1, 765);
INSERT INTO `album_photo` VALUES (766, 1, 766);
INSERT INTO `album_photo` VALUES (767, 1, 767);
INSERT INTO `album_photo` VALUES (768, 1, 768);
INSERT INTO `album_photo` VALUES (769, 1, 769);
INSERT INTO `album_photo` VALUES (770, 1, 770);
INSERT INTO `album_photo` VALUES (771, 1, 771);
INSERT INTO `album_photo` VALUES (772, 1, 772);
INSERT INTO `album_photo` VALUES (773, 1, 773);
INSERT INTO `album_photo` VALUES (774, 1, 774);
INSERT INTO `album_photo` VALUES (775, 1, 775);
INSERT INTO `album_photo` VALUES (776, 1, 776);
INSERT INTO `album_photo` VALUES (777, 1, 777);
INSERT INTO `album_photo` VALUES (778, 1, 778);
INSERT INTO `album_photo` VALUES (779, 1, 779);
INSERT INTO `album_photo` VALUES (780, 1, 780);
INSERT INTO `album_photo` VALUES (781, 1, 781);
INSERT INTO `album_photo` VALUES (782, 1, 782);
INSERT INTO `album_photo` VALUES (783, 1, 783);
INSERT INTO `album_photo` VALUES (784, 1, 784);
INSERT INTO `album_photo` VALUES (785, 1, 785);
INSERT INTO `album_photo` VALUES (786, 1, 786);
INSERT INTO `album_photo` VALUES (787, 1, 787);
INSERT INTO `album_photo` VALUES (788, 1, 788);
INSERT INTO `album_photo` VALUES (789, 1, 789);
INSERT INTO `album_photo` VALUES (790, 1, 790);
INSERT INTO `album_photo` VALUES (791, 1, 791);
INSERT INTO `album_photo` VALUES (792, 1, 792);
INSERT INTO `album_photo` VALUES (793, 1, 793);
INSERT INTO `album_photo` VALUES (794, 1, 794);
INSERT INTO `album_photo` VALUES (795, 1, 795);
INSERT INTO `album_photo` VALUES (796, 1, 796);
INSERT INTO `album_photo` VALUES (797, 1, 797);
INSERT INTO `album_photo` VALUES (798, 1, 798);
INSERT INTO `album_photo` VALUES (799, 1, 799);
INSERT INTO `album_photo` VALUES (800, 1, 800);
INSERT INTO `album_photo` VALUES (801, 1, 801);
INSERT INTO `album_photo` VALUES (802, 1, 802);
INSERT INTO `album_photo` VALUES (803, 1, 803);
INSERT INTO `album_photo` VALUES (804, 1, 804);
INSERT INTO `album_photo` VALUES (805, 1, 805);
INSERT INTO `album_photo` VALUES (806, 1, 806);
INSERT INTO `album_photo` VALUES (807, 1, 807);
INSERT INTO `album_photo` VALUES (808, 1, 808);
INSERT INTO `album_photo` VALUES (809, 1, 809);
INSERT INTO `album_photo` VALUES (810, 1, 810);
INSERT INTO `album_photo` VALUES (811, 1, 811);
INSERT INTO `album_photo` VALUES (812, 1, 812);
INSERT INTO `album_photo` VALUES (813, 1, 813);
INSERT INTO `album_photo` VALUES (814, 1, 814);
INSERT INTO `album_photo` VALUES (815, 1, 815);
INSERT INTO `album_photo` VALUES (816, 1, 816);
INSERT INTO `album_photo` VALUES (817, 1, 817);
INSERT INTO `album_photo` VALUES (818, 1, 818);
INSERT INTO `album_photo` VALUES (819, 1, 819);
INSERT INTO `album_photo` VALUES (820, 1, 820);
INSERT INTO `album_photo` VALUES (821, 1, 821);
INSERT INTO `album_photo` VALUES (822, 1, 822);
INSERT INTO `album_photo` VALUES (823, 1, 823);
INSERT INTO `album_photo` VALUES (824, 1, 824);
INSERT INTO `album_photo` VALUES (825, 1, 825);
INSERT INTO `album_photo` VALUES (826, 1, 826);
INSERT INTO `album_photo` VALUES (827, 1, 827);
INSERT INTO `album_photo` VALUES (828, 1, 828);
INSERT INTO `album_photo` VALUES (829, 1, 829);
INSERT INTO `album_photo` VALUES (830, 1, 830);
INSERT INTO `album_photo` VALUES (831, 1, 831);
INSERT INTO `album_photo` VALUES (832, 1, 832);
INSERT INTO `album_photo` VALUES (833, 1, 833);
INSERT INTO `album_photo` VALUES (834, 1, 834);
INSERT INTO `album_photo` VALUES (835, 1, 835);
INSERT INTO `album_photo` VALUES (836, 1, 836);
INSERT INTO `album_photo` VALUES (837, 1, 837);
INSERT INTO `album_photo` VALUES (838, 1, 838);
INSERT INTO `album_photo` VALUES (839, 1, 839);
INSERT INTO `album_photo` VALUES (840, 1, 840);
INSERT INTO `album_photo` VALUES (841, 1, 841);
INSERT INTO `album_photo` VALUES (842, 1, 842);
INSERT INTO `album_photo` VALUES (843, 1, 843);
INSERT INTO `album_photo` VALUES (844, 1, 844);
INSERT INTO `album_photo` VALUES (845, 1, 845);
INSERT INTO `album_photo` VALUES (846, 1, 846);
INSERT INTO `album_photo` VALUES (847, 1, 847);
INSERT INTO `album_photo` VALUES (848, 1, 848);
INSERT INTO `album_photo` VALUES (849, 1, 849);
INSERT INTO `album_photo` VALUES (850, 1, 850);
INSERT INTO `album_photo` VALUES (851, 1, 851);
INSERT INTO `album_photo` VALUES (852, 1, 852);
INSERT INTO `album_photo` VALUES (853, 1, 853);
INSERT INTO `album_photo` VALUES (854, 1, 854);
INSERT INTO `album_photo` VALUES (855, 1, 855);
INSERT INTO `album_photo` VALUES (856, 1, 856);
INSERT INTO `album_photo` VALUES (857, 1, 857);
INSERT INTO `album_photo` VALUES (858, 1, 858);
INSERT INTO `album_photo` VALUES (859, 1, 859);
INSERT INTO `album_photo` VALUES (860, 1, 860);
INSERT INTO `album_photo` VALUES (861, 1, 861);
INSERT INTO `album_photo` VALUES (862, 1, 862);
INSERT INTO `album_photo` VALUES (863, 1, 863);
INSERT INTO `album_photo` VALUES (864, 1, 864);
INSERT INTO `album_photo` VALUES (865, 1, 865);
INSERT INTO `album_photo` VALUES (866, 1, 866);
INSERT INTO `album_photo` VALUES (867, 1, 867);
INSERT INTO `album_photo` VALUES (868, 1, 868);
INSERT INTO `album_photo` VALUES (869, 1, 869);
INSERT INTO `album_photo` VALUES (870, 1, 870);
INSERT INTO `album_photo` VALUES (871, 1, 871);
INSERT INTO `album_photo` VALUES (872, 1, 872);
INSERT INTO `album_photo` VALUES (873, 1, 873);
INSERT INTO `album_photo` VALUES (874, 1, 874);
INSERT INTO `album_photo` VALUES (875, 1, 875);
INSERT INTO `album_photo` VALUES (876, 1, 876);
INSERT INTO `album_photo` VALUES (877, 1, 877);
INSERT INTO `album_photo` VALUES (878, 1, 878);
INSERT INTO `album_photo` VALUES (879, 1, 879);
INSERT INTO `album_photo` VALUES (880, 1, 880);
INSERT INTO `album_photo` VALUES (881, 1, 881);
INSERT INTO `album_photo` VALUES (882, 1, 882);
INSERT INTO `album_photo` VALUES (883, 1, 883);
INSERT INTO `album_photo` VALUES (884, 1, 884);
INSERT INTO `album_photo` VALUES (885, 1, 885);
INSERT INTO `album_photo` VALUES (886, 1, 886);
INSERT INTO `album_photo` VALUES (887, 1, 887);
INSERT INTO `album_photo` VALUES (888, 1, 888);
INSERT INTO `album_photo` VALUES (889, 1, 889);
INSERT INTO `album_photo` VALUES (890, 1, 890);
INSERT INTO `album_photo` VALUES (891, 1, 891);
INSERT INTO `album_photo` VALUES (892, 1, 892);
INSERT INTO `album_photo` VALUES (893, 1, 893);
INSERT INTO `album_photo` VALUES (894, 1, 894);
INSERT INTO `album_photo` VALUES (895, 1, 895);
INSERT INTO `album_photo` VALUES (896, 1, 896);
INSERT INTO `album_photo` VALUES (897, 1, 897);
INSERT INTO `album_photo` VALUES (898, 1, 898);
INSERT INTO `album_photo` VALUES (899, 1, 899);
INSERT INTO `album_photo` VALUES (900, 1, 900);
INSERT INTO `album_photo` VALUES (901, 1, 901);
INSERT INTO `album_photo` VALUES (902, 1, 902);
INSERT INTO `album_photo` VALUES (903, 1, 903);
INSERT INTO `album_photo` VALUES (904, 1, 904);
INSERT INTO `album_photo` VALUES (905, 1, 905);
INSERT INTO `album_photo` VALUES (906, 1, 906);
INSERT INTO `album_photo` VALUES (907, 1, 907);
INSERT INTO `album_photo` VALUES (908, 1, 908);
INSERT INTO `album_photo` VALUES (909, 1, 909);
INSERT INTO `album_photo` VALUES (910, 1, 910);
INSERT INTO `album_photo` VALUES (911, 1, 911);
INSERT INTO `album_photo` VALUES (912, 1, 912);
INSERT INTO `album_photo` VALUES (913, 1, 913);
INSERT INTO `album_photo` VALUES (914, 1, 914);
INSERT INTO `album_photo` VALUES (915, 1, 915);
INSERT INTO `album_photo` VALUES (916, 1, 916);
INSERT INTO `album_photo` VALUES (917, 1, 917);
INSERT INTO `album_photo` VALUES (918, 1, 918);
INSERT INTO `album_photo` VALUES (919, 1, 919);
INSERT INTO `album_photo` VALUES (920, 1, 920);
INSERT INTO `album_photo` VALUES (921, 1, 921);
INSERT INTO `album_photo` VALUES (922, 1, 922);
INSERT INTO `album_photo` VALUES (923, 1, 923);
INSERT INTO `album_photo` VALUES (924, 1, 924);
INSERT INTO `album_photo` VALUES (925, 1, 925);
INSERT INTO `album_photo` VALUES (926, 1, 926);
INSERT INTO `album_photo` VALUES (927, 1, 927);
INSERT INTO `album_photo` VALUES (928, 1, 928);
INSERT INTO `album_photo` VALUES (929, 1, 929);
INSERT INTO `album_photo` VALUES (930, 1, 930);
INSERT INTO `album_photo` VALUES (931, 1, 931);
INSERT INTO `album_photo` VALUES (932, 1, 932);
INSERT INTO `album_photo` VALUES (933, 1, 933);
INSERT INTO `album_photo` VALUES (934, 1, 934);
INSERT INTO `album_photo` VALUES (935, 1, 935);
INSERT INTO `album_photo` VALUES (936, 1, 936);
INSERT INTO `album_photo` VALUES (937, 1, 937);
INSERT INTO `album_photo` VALUES (938, 1, 938);
INSERT INTO `album_photo` VALUES (939, 1, 939);
INSERT INTO `album_photo` VALUES (940, 1, 940);
INSERT INTO `album_photo` VALUES (941, 1, 941);
INSERT INTO `album_photo` VALUES (942, 1, 942);
INSERT INTO `album_photo` VALUES (943, 1, 943);
INSERT INTO `album_photo` VALUES (944, 1, 944);
INSERT INTO `album_photo` VALUES (945, 1, 945);
INSERT INTO `album_photo` VALUES (946, 1, 946);
INSERT INTO `album_photo` VALUES (947, 1, 947);
INSERT INTO `album_photo` VALUES (948, 1, 948);
INSERT INTO `album_photo` VALUES (949, 1, 949);
INSERT INTO `album_photo` VALUES (950, 1, 950);
INSERT INTO `album_photo` VALUES (951, 1, 951);
INSERT INTO `album_photo` VALUES (952, 1, 952);
INSERT INTO `album_photo` VALUES (953, 1, 953);
INSERT INTO `album_photo` VALUES (954, 1, 954);
INSERT INTO `album_photo` VALUES (955, 1, 955);
INSERT INTO `album_photo` VALUES (956, 1, 956);
INSERT INTO `album_photo` VALUES (957, 1, 957);
INSERT INTO `album_photo` VALUES (958, 1, 958);
INSERT INTO `album_photo` VALUES (959, 1, 959);
INSERT INTO `album_photo` VALUES (960, 1, 960);
INSERT INTO `album_photo` VALUES (961, 1, 961);
INSERT INTO `album_photo` VALUES (962, 1, 962);
INSERT INTO `album_photo` VALUES (963, 1, 963);
INSERT INTO `album_photo` VALUES (964, 1, 964);
INSERT INTO `album_photo` VALUES (965, 1, 965);
INSERT INTO `album_photo` VALUES (966, 1, 966);
INSERT INTO `album_photo` VALUES (967, 1, 967);
INSERT INTO `album_photo` VALUES (968, 1, 968);
INSERT INTO `album_photo` VALUES (969, 1, 969);
INSERT INTO `album_photo` VALUES (970, 1, 970);
INSERT INTO `album_photo` VALUES (971, 1, 971);
INSERT INTO `album_photo` VALUES (972, 1, 972);
INSERT INTO `album_photo` VALUES (973, 1, 973);
INSERT INTO `album_photo` VALUES (974, 1, 974);
INSERT INTO `album_photo` VALUES (975, 1, 975);
INSERT INTO `album_photo` VALUES (976, 1, 976);
INSERT INTO `album_photo` VALUES (977, 1, 977);
INSERT INTO `album_photo` VALUES (978, 1, 978);
INSERT INTO `album_photo` VALUES (979, 1, 979);
INSERT INTO `album_photo` VALUES (980, 1, 980);
INSERT INTO `album_photo` VALUES (981, 1, 981);
INSERT INTO `album_photo` VALUES (982, 1, 982);
INSERT INTO `album_photo` VALUES (983, 1, 983);
INSERT INTO `album_photo` VALUES (984, 1, 984);
INSERT INTO `album_photo` VALUES (985, 1, 985);
INSERT INTO `album_photo` VALUES (986, 1, 986);
INSERT INTO `album_photo` VALUES (987, 1, 987);
INSERT INTO `album_photo` VALUES (988, 1, 988);
INSERT INTO `album_photo` VALUES (989, 1, 989);
INSERT INTO `album_photo` VALUES (990, 1, 990);
INSERT INTO `album_photo` VALUES (991, 1, 991);
INSERT INTO `album_photo` VALUES (992, 1, 992);
INSERT INTO `album_photo` VALUES (993, 1, 993);
INSERT INTO `album_photo` VALUES (994, 1, 994);
INSERT INTO `album_photo` VALUES (995, 1, 995);
INSERT INTO `album_photo` VALUES (996, 1, 996);
INSERT INTO `album_photo` VALUES (997, 1, 997);
INSERT INTO `album_photo` VALUES (998, 1, 998);
INSERT INTO `album_photo` VALUES (999, 1, 999);
INSERT INTO `album_photo` VALUES (1000, 1, 1000);
INSERT INTO `album_photo` VALUES (1001, 2, 1001);
INSERT INTO `album_photo` VALUES (1002, 2, 1002);
INSERT INTO `album_photo` VALUES (1003, 2, 1003);

-- ----------------------------
-- Table structure for photo
-- ----------------------------
DROP TABLE IF EXISTS `photo`;
CREATE TABLE `photo`  (
  `id` int NOT NULL AUTO_INCREMENT COMMENT '图片id',
  `user_id` bigint NOT NULL COMMENT '用户id',
  `url` varchar(400) CHARACTER SET utf8mb4 COLLATE utf8mb4_0900_ai_ci NOT NULL COMMENT '图片url',
  `examine_status` tinyint NOT NULL DEFAULT 0 COMMENT '审核状态 0-待审核 1-审核通过 2-审核未通过',
  `create_time` datetime NOT NULL COMMENT '创建时间',
  `update_time` datetime NOT NULL COMMENT '更新时间',
  `is_deleted` tinyint NOT NULL DEFAULT 0 COMMENT '是否删除 0-未删除 1-已删除',
  PRIMARY KEY (`id`) USING BTREE,
  INDEX `idx_examine_status`(`examine_status` ASC) USING BTREE,
  INDEX `idx_photo_user_album_status_create_time`(`user_id` ASC, `examine_status` ASC, `create_time` ASC) USING BTREE
) ENGINE = InnoDB AUTO_INCREMENT = 1004 CHARACTER SET = utf8mb4 COLLATE = utf8mb4_0900_ai_ci ROW_FORMAT = Dynamic;

-- ----------------------------
-- Records of photo
-- ----------------------------
INSERT INTO `photo` VALUES (1, 1, 'http://14.103.112.11:9000/sidifensen-blog/album/1/1/14d56ca203964a3da8f47316d3f1e8d2.jpg', 1, '2025-08-15 21:35:34', '2025-08-15 21:35:36', 0);
INSERT INTO `photo` VALUES (2, 1, 'http://14.103.112.11:9000/sidifensen-blog/album/1/1/14d56ca203964a3da8f47316d3f1e8d2.jpg', 1, '2025-08-15 21:35:34', '2025-08-15 21:35:36', 0);
INSERT INTO `photo` VALUES (3, 1, 'http://14.103.112.11:9000/sidifensen-blog/album/1/1/14d56ca203964a3da8f47316d3f1e8d2.jpg', 1, '2025-08-15 21:35:34', '2025-08-15 21:35:36', 0);
INSERT INTO `photo` VALUES (4, 1, 'http://14.103.112.11:9000/sidifensen-blog/album/1/1/14d56ca203964a3da8f47316d3f1e8d2.jpg', 1, '2025-08-15 21:35:34', '2025-08-15 21:35:36', 0);
INSERT INTO `photo` VALUES (5, 1, 'http://14.103.112.11:9000/sidifensen-blog/album/1/1/14d56ca203964a3da8f47316d3f1e8d2.jpg', 1, '2025-08-15 21:35:34', '2025-08-15 21:35:36', 0);
INSERT INTO `photo` VALUES (6, 1, 'http://14.103.112.11:9000/sidifensen-blog/album/1/1/14d56ca203964a3da8f47316d3f1e8d2.jpg', 1, '2025-08-15 21:35:34', '2025-08-15 21:35:36', 0);
INSERT INTO `photo` VALUES (7, 1, 'http://14.103.112.11:9000/sidifensen-blog/album/1/1/14d56ca203964a3da8f47316d3f1e8d2.jpg', 1, '2025-08-15 21:35:34', '2025-08-15 21:35:36', 0);
INSERT INTO `photo` VALUES (8, 1, 'http://14.103.112.11:9000/sidifensen-blog/album/1/1/14d56ca203964a3da8f47316d3f1e8d2.jpg', 1, '2025-08-15 21:35:34', '2025-08-15 21:35:36', 0);
INSERT INTO `photo` VALUES (9, 1, 'http://14.103.112.11:9000/sidifensen-blog/album/1/1/14d56ca203964a3da8f47316d3f1e8d2.jpg', 1, '2025-08-15 21:35:34', '2025-08-15 21:35:36', 0);
INSERT INTO `photo` VALUES (10, 1, 'http://14.103.112.11:9000/sidifensen-blog/album/1/1/14d56ca203964a3da8f47316d3f1e8d2.jpg', 1, '2025-08-15 21:35:34', '2025-08-15 21:35:36', 0);
INSERT INTO `photo` VALUES (11, 1, 'http://14.103.112.11:9000/sidifensen-blog/album/1/1/14d56ca203964a3da8f47316d3f1e8d2.jpg', 1, '2025-08-15 21:35:34', '2025-08-15 21:35:36', 0);
INSERT INTO `photo` VALUES (12, 1, 'http://14.103.112.11:9000/sidifensen-blog/album/1/1/14d56ca203964a3da8f47316d3f1e8d2.jpg', 1, '2025-08-15 21:35:34', '2025-08-15 21:35:36', 0);
INSERT INTO `photo` VALUES (13, 1, 'http://14.103.112.11:9000/sidifensen-blog/album/1/1/14d56ca203964a3da8f47316d3f1e8d2.jpg', 1, '2025-08-15 21:35:34', '2025-08-15 21:35:36', 0);
INSERT INTO `photo` VALUES (14, 1, 'http://14.103.112.11:9000/sidifensen-blog/album/1/1/14d56ca203964a3da8f47316d3f1e8d2.jpg', 1, '2025-08-15 21:35:34', '2025-08-15 21:35:36', 0);
INSERT INTO `photo` VALUES (15, 1, 'http://14.103.112.11:9000/sidifensen-blog/album/1/1/14d56ca203964a3da8f47316d3f1e8d2.jpg', 1, '2025-08-15 21:35:34', '2025-08-15 21:35:36', 0);
INSERT INTO `photo` VALUES (16, 1, 'http://14.103.112.11:9000/sidifensen-blog/album/1/1/14d56ca203964a3da8f47316d3f1e8d2.jpg', 1, '2025-08-15 21:35:34', '2025-08-15 21:35:36', 0);
INSERT INTO `photo` VALUES (17, 1, 'http://14.103.112.11:9000/sidifensen-blog/album/1/1/14d56ca203964a3da8f47316d3f1e8d2.jpg', 1, '2025-08-15 21:35:34', '2025-08-15 21:35:36', 0);
INSERT INTO `photo` VALUES (18, 1, 'http://14.103.112.11:9000/sidifensen-blog/album/1/1/14d56ca203964a3da8f47316d3f1e8d2.jpg', 1, '2025-08-15 21:35:34', '2025-08-15 21:35:36', 0);
INSERT INTO `photo` VALUES (19, 1, 'http://14.103.112.11:9000/sidifensen-blog/album/1/1/14d56ca203964a3da8f47316d3f1e8d2.jpg', 1, '2025-08-15 21:35:34', '2025-08-15 21:35:36', 0);
INSERT INTO `photo` VALUES (20, 1, 'http://14.103.112.11:9000/sidifensen-blog/album/1/1/14d56ca203964a3da8f47316d3f1e8d2.jpg', 1, '2025-08-15 21:35:34', '2025-08-15 21:35:36', 0);
INSERT INTO `photo` VALUES (21, 1, 'http://14.103.112.11:9000/sidifensen-blog/album/1/1/14d56ca203964a3da8f47316d3f1e8d2.jpg', 1, '2025-08-15 21:35:34', '2025-08-15 21:35:36', 0);
INSERT INTO `photo` VALUES (22, 1, 'http://14.103.112.11:9000/sidifensen-blog/album/1/1/14d56ca203964a3da8f47316d3f1e8d2.jpg', 1, '2025-08-15 21:35:34', '2025-08-15 21:35:36', 0);
INSERT INTO `photo` VALUES (23, 1, 'http://14.103.112.11:9000/sidifensen-blog/album/1/1/14d56ca203964a3da8f47316d3f1e8d2.jpg', 1, '2025-08-15 21:35:34', '2025-08-15 21:35:36', 0);
INSERT INTO `photo` VALUES (24, 1, 'http://14.103.112.11:9000/sidifensen-blog/album/1/1/14d56ca203964a3da8f47316d3f1e8d2.jpg', 1, '2025-08-15 21:35:34', '2025-08-15 21:35:36', 0);
INSERT INTO `photo` VALUES (25, 1, 'http://14.103.112.11:9000/sidifensen-blog/album/1/1/14d56ca203964a3da8f47316d3f1e8d2.jpg', 1, '2025-08-15 21:35:34', '2025-08-15 21:35:36', 0);
INSERT INTO `photo` VALUES (26, 1, 'http://14.103.112.11:9000/sidifensen-blog/album/1/1/14d56ca203964a3da8f47316d3f1e8d2.jpg', 1, '2025-08-15 21:35:34', '2025-08-15 21:35:36', 0);
INSERT INTO `photo` VALUES (27, 1, 'http://14.103.112.11:9000/sidifensen-blog/album/1/1/14d56ca203964a3da8f47316d3f1e8d2.jpg', 1, '2025-08-15 21:35:34', '2025-08-15 21:35:36', 0);
INSERT INTO `photo` VALUES (28, 1, 'http://14.103.112.11:9000/sidifensen-blog/album/1/1/14d56ca203964a3da8f47316d3f1e8d2.jpg', 1, '2025-08-15 21:35:34', '2025-08-15 21:35:36', 0);
INSERT INTO `photo` VALUES (29, 1, 'http://14.103.112.11:9000/sidifensen-blog/album/1/1/14d56ca203964a3da8f47316d3f1e8d2.jpg', 1, '2025-08-15 21:35:34', '2025-08-15 21:35:36', 0);
INSERT INTO `photo` VALUES (30, 1, 'http://14.103.112.11:9000/sidifensen-blog/album/1/1/14d56ca203964a3da8f47316d3f1e8d2.jpg', 1, '2025-08-15 21:35:34', '2025-08-15 21:35:36', 0);
INSERT INTO `photo` VALUES (31, 1, 'http://14.103.112.11:9000/sidifensen-blog/album/1/1/14d56ca203964a3da8f47316d3f1e8d2.jpg', 1, '2025-08-15 21:35:34', '2025-08-15 21:35:36', 0);
INSERT INTO `photo` VALUES (32, 1, 'http://14.103.112.11:9000/sidifensen-blog/album/1/1/14d56ca203964a3da8f47316d3f1e8d2.jpg', 1, '2025-08-15 21:35:34', '2025-08-15 21:35:36', 0);
INSERT INTO `photo` VALUES (33, 1, 'http://14.103.112.11:9000/sidifensen-blog/album/1/1/14d56ca203964a3da8f47316d3f1e8d2.jpg', 1, '2025-08-15 21:35:34', '2025-08-15 21:35:36', 0);
INSERT INTO `photo` VALUES (34, 1, 'http://14.103.112.11:9000/sidifensen-blog/album/1/1/14d56ca203964a3da8f47316d3f1e8d2.jpg', 1, '2025-08-15 21:35:34', '2025-08-15 21:35:36', 0);
INSERT INTO `photo` VALUES (35, 1, 'http://14.103.112.11:9000/sidifensen-blog/album/1/1/14d56ca203964a3da8f47316d3f1e8d2.jpg', 1, '2025-08-15 21:35:34', '2025-08-15 21:35:36', 0);
INSERT INTO `photo` VALUES (36, 1, 'http://14.103.112.11:9000/sidifensen-blog/album/1/1/14d56ca203964a3da8f47316d3f1e8d2.jpg', 1, '2025-08-15 21:35:34', '2025-08-15 21:35:36', 0);
INSERT INTO `photo` VALUES (37, 1, 'http://14.103.112.11:9000/sidifensen-blog/album/1/1/14d56ca203964a3da8f47316d3f1e8d2.jpg', 1, '2025-08-15 21:35:34', '2025-08-15 21:35:36', 0);
INSERT INTO `photo` VALUES (38, 1, 'http://14.103.112.11:9000/sidifensen-blog/album/1/1/14d56ca203964a3da8f47316d3f1e8d2.jpg', 1, '2025-08-15 21:35:34', '2025-08-15 21:35:36', 0);
INSERT INTO `photo` VALUES (39, 1, 'http://14.103.112.11:9000/sidifensen-blog/album/1/1/14d56ca203964a3da8f47316d3f1e8d2.jpg', 1, '2025-08-15 21:35:34', '2025-08-15 21:35:36', 0);
INSERT INTO `photo` VALUES (40, 1, 'http://14.103.112.11:9000/sidifensen-blog/album/1/1/14d56ca203964a3da8f47316d3f1e8d2.jpg', 1, '2025-08-15 21:35:34', '2025-08-15 21:35:36', 0);
INSERT INTO `photo` VALUES (41, 1, 'http://14.103.112.11:9000/sidifensen-blog/album/1/1/14d56ca203964a3da8f47316d3f1e8d2.jpg', 1, '2025-08-15 21:35:34', '2025-08-15 21:35:36', 0);
INSERT INTO `photo` VALUES (42, 1, 'http://14.103.112.11:9000/sidifensen-blog/album/1/1/14d56ca203964a3da8f47316d3f1e8d2.jpg', 1, '2025-08-15 21:35:34', '2025-08-15 21:35:36', 0);
INSERT INTO `photo` VALUES (43, 1, 'http://14.103.112.11:9000/sidifensen-blog/album/1/1/14d56ca203964a3da8f47316d3f1e8d2.jpg', 1, '2025-08-15 21:35:34', '2025-08-15 21:35:36', 0);
INSERT INTO `photo` VALUES (44, 1, 'http://14.103.112.11:9000/sidifensen-blog/album/1/1/14d56ca203964a3da8f47316d3f1e8d2.jpg', 1, '2025-08-15 21:35:34', '2025-08-15 21:35:36', 0);
INSERT INTO `photo` VALUES (45, 1, 'http://14.103.112.11:9000/sidifensen-blog/album/1/1/14d56ca203964a3da8f47316d3f1e8d2.jpg', 1, '2025-08-15 21:35:34', '2025-08-15 21:35:36', 0);
INSERT INTO `photo` VALUES (46, 1, 'http://14.103.112.11:9000/sidifensen-blog/album/1/1/14d56ca203964a3da8f47316d3f1e8d2.jpg', 1, '2025-08-15 21:35:34', '2025-08-15 21:35:36', 0);
INSERT INTO `photo` VALUES (47, 1, 'http://14.103.112.11:9000/sidifensen-blog/album/1/1/14d56ca203964a3da8f47316d3f1e8d2.jpg', 1, '2025-08-15 21:35:34', '2025-08-15 21:35:36', 0);
INSERT INTO `photo` VALUES (48, 1, 'http://14.103.112.11:9000/sidifensen-blog/album/1/1/14d56ca203964a3da8f47316d3f1e8d2.jpg', 1, '2025-08-15 21:35:34', '2025-08-15 21:35:36', 0);
INSERT INTO `photo` VALUES (49, 1, 'http://14.103.112.11:9000/sidifensen-blog/album/1/1/14d56ca203964a3da8f47316d3f1e8d2.jpg', 1, '2025-08-15 21:35:34', '2025-08-15 21:35:36', 0);
INSERT INTO `photo` VALUES (50, 1, 'http://14.103.112.11:9000/sidifensen-blog/album/1/1/14d56ca203964a3da8f47316d3f1e8d2.jpg', 1, '2025-08-15 21:35:34', '2025-08-15 21:35:36', 0);
INSERT INTO `photo` VALUES (51, 1, 'http://14.103.112.11:9000/sidifensen-blog/album/1/1/14d56ca203964a3da8f47316d3f1e8d2.jpg', 1, '2025-08-15 21:35:34', '2025-08-15 21:35:36', 0);
INSERT INTO `photo` VALUES (52, 1, 'http://14.103.112.11:9000/sidifensen-blog/album/1/1/14d56ca203964a3da8f47316d3f1e8d2.jpg', 1, '2025-08-15 21:35:34', '2025-08-15 21:35:36', 0);
INSERT INTO `photo` VALUES (53, 1, 'http://14.103.112.11:9000/sidifensen-blog/album/1/1/14d56ca203964a3da8f47316d3f1e8d2.jpg', 1, '2025-08-15 21:35:34', '2025-08-15 21:35:36', 0);
INSERT INTO `photo` VALUES (54, 1, 'http://14.103.112.11:9000/sidifensen-blog/album/1/1/14d56ca203964a3da8f47316d3f1e8d2.jpg', 1, '2025-08-15 21:35:34', '2025-08-15 21:35:36', 0);
INSERT INTO `photo` VALUES (55, 1, 'http://14.103.112.11:9000/sidifensen-blog/album/1/1/14d56ca203964a3da8f47316d3f1e8d2.jpg', 1, '2025-08-15 21:35:34', '2025-08-15 21:35:36', 0);
INSERT INTO `photo` VALUES (56, 1, 'http://14.103.112.11:9000/sidifensen-blog/album/1/1/14d56ca203964a3da8f47316d3f1e8d2.jpg', 1, '2025-08-15 21:35:34', '2025-08-15 21:35:36', 0);
INSERT INTO `photo` VALUES (57, 1, 'http://14.103.112.11:9000/sidifensen-blog/album/1/1/14d56ca203964a3da8f47316d3f1e8d2.jpg', 1, '2025-08-15 21:35:34', '2025-08-15 21:35:36', 0);
INSERT INTO `photo` VALUES (58, 1, 'http://14.103.112.11:9000/sidifensen-blog/album/1/1/14d56ca203964a3da8f47316d3f1e8d2.jpg', 1, '2025-08-15 21:35:34', '2025-08-15 21:35:36', 0);
INSERT INTO `photo` VALUES (59, 1, 'http://14.103.112.11:9000/sidifensen-blog/album/1/1/14d56ca203964a3da8f47316d3f1e8d2.jpg', 1, '2025-08-15 21:35:34', '2025-08-15 21:35:36', 0);
INSERT INTO `photo` VALUES (60, 1, 'http://14.103.112.11:9000/sidifensen-blog/album/1/1/14d56ca203964a3da8f47316d3f1e8d2.jpg', 1, '2025-08-15 21:35:34', '2025-08-15 21:35:36', 0);
INSERT INTO `photo` VALUES (61, 1, 'http://14.103.112.11:9000/sidifensen-blog/album/1/1/14d56ca203964a3da8f47316d3f1e8d2.jpg', 1, '2025-08-15 21:35:34', '2025-08-15 21:35:36', 0);
INSERT INTO `photo` VALUES (62, 1, 'http://14.103.112.11:9000/sidifensen-blog/album/1/1/14d56ca203964a3da8f47316d3f1e8d2.jpg', 1, '2025-08-15 21:35:34', '2025-08-15 21:35:36', 0);
INSERT INTO `photo` VALUES (63, 1, 'http://14.103.112.11:9000/sidifensen-blog/album/1/1/14d56ca203964a3da8f47316d3f1e8d2.jpg', 1, '2025-08-15 21:35:34', '2025-08-15 21:35:36', 0);
INSERT INTO `photo` VALUES (64, 1, 'http://14.103.112.11:9000/sidifensen-blog/album/1/1/14d56ca203964a3da8f47316d3f1e8d2.jpg', 1, '2025-08-15 21:35:34', '2025-08-15 21:35:36', 0);
INSERT INTO `photo` VALUES (65, 1, 'http://14.103.112.11:9000/sidifensen-blog/album/1/1/14d56ca203964a3da8f47316d3f1e8d2.jpg', 1, '2025-08-15 21:35:34', '2025-08-15 21:35:36', 0);
INSERT INTO `photo` VALUES (66, 1, 'http://14.103.112.11:9000/sidifensen-blog/album/1/1/14d56ca203964a3da8f47316d3f1e8d2.jpg', 1, '2025-08-15 21:35:34', '2025-08-15 21:35:36', 0);
INSERT INTO `photo` VALUES (67, 1, 'http://14.103.112.11:9000/sidifensen-blog/album/1/1/14d56ca203964a3da8f47316d3f1e8d2.jpg', 1, '2025-08-15 21:35:34', '2025-08-15 21:35:36', 0);
INSERT INTO `photo` VALUES (68, 1, 'http://14.103.112.11:9000/sidifensen-blog/album/1/1/14d56ca203964a3da8f47316d3f1e8d2.jpg', 1, '2025-08-15 21:35:34', '2025-08-15 21:35:36', 0);
INSERT INTO `photo` VALUES (69, 1, 'http://14.103.112.11:9000/sidifensen-blog/album/1/1/14d56ca203964a3da8f47316d3f1e8d2.jpg', 1, '2025-08-15 21:35:34', '2025-08-15 21:35:36', 0);
INSERT INTO `photo` VALUES (70, 1, 'http://14.103.112.11:9000/sidifensen-blog/album/1/1/14d56ca203964a3da8f47316d3f1e8d2.jpg', 1, '2025-08-15 21:35:34', '2025-08-15 21:35:36', 0);
INSERT INTO `photo` VALUES (71, 1, 'http://14.103.112.11:9000/sidifensen-blog/album/1/1/14d56ca203964a3da8f47316d3f1e8d2.jpg', 1, '2025-08-15 21:35:34', '2025-08-15 21:35:36', 0);
INSERT INTO `photo` VALUES (72, 1, 'http://14.103.112.11:9000/sidifensen-blog/album/1/1/14d56ca203964a3da8f47316d3f1e8d2.jpg', 1, '2025-08-15 21:35:34', '2025-08-15 21:35:36', 0);
INSERT INTO `photo` VALUES (73, 1, 'http://14.103.112.11:9000/sidifensen-blog/album/1/1/14d56ca203964a3da8f47316d3f1e8d2.jpg', 1, '2025-08-15 21:35:34', '2025-08-15 21:35:36', 0);
INSERT INTO `photo` VALUES (74, 1, 'http://14.103.112.11:9000/sidifensen-blog/album/1/1/14d56ca203964a3da8f47316d3f1e8d2.jpg', 1, '2025-08-15 21:35:34', '2025-08-15 21:35:36', 0);
INSERT INTO `photo` VALUES (75, 1, 'http://14.103.112.11:9000/sidifensen-blog/album/1/1/14d56ca203964a3da8f47316d3f1e8d2.jpg', 1, '2025-08-15 21:35:34', '2025-08-15 21:35:36', 0);
INSERT INTO `photo` VALUES (76, 1, 'http://14.103.112.11:9000/sidifensen-blog/album/1/1/14d56ca203964a3da8f47316d3f1e8d2.jpg', 1, '2025-08-15 21:35:34', '2025-08-15 21:35:36', 0);
INSERT INTO `photo` VALUES (77, 1, 'http://14.103.112.11:9000/sidifensen-blog/album/1/1/14d56ca203964a3da8f47316d3f1e8d2.jpg', 1, '2025-08-15 21:35:34', '2025-08-15 21:35:36', 0);
INSERT INTO `photo` VALUES (78, 1, 'http://14.103.112.11:9000/sidifensen-blog/album/1/1/14d56ca203964a3da8f47316d3f1e8d2.jpg', 1, '2025-08-15 21:35:34', '2025-08-15 21:35:36', 0);
INSERT INTO `photo` VALUES (79, 1, 'http://14.103.112.11:9000/sidifensen-blog/album/1/1/14d56ca203964a3da8f47316d3f1e8d2.jpg', 1, '2025-08-15 21:35:34', '2025-08-15 21:35:36', 0);
INSERT INTO `photo` VALUES (80, 1, 'http://14.103.112.11:9000/sidifensen-blog/album/1/1/14d56ca203964a3da8f47316d3f1e8d2.jpg', 1, '2025-08-15 21:35:34', '2025-08-15 21:35:36', 0);
INSERT INTO `photo` VALUES (81, 1, 'http://14.103.112.11:9000/sidifensen-blog/album/1/1/14d56ca203964a3da8f47316d3f1e8d2.jpg', 1, '2025-08-15 21:35:34', '2025-08-15 21:35:36', 0);
INSERT INTO `photo` VALUES (82, 1, 'http://14.103.112.11:9000/sidifensen-blog/album/1/1/14d56ca203964a3da8f47316d3f1e8d2.jpg', 1, '2025-08-15 21:35:34', '2025-08-15 21:35:36', 0);
INSERT INTO `photo` VALUES (83, 1, 'http://14.103.112.11:9000/sidifensen-blog/album/1/1/14d56ca203964a3da8f47316d3f1e8d2.jpg', 1, '2025-08-15 21:35:34', '2025-08-15 21:35:36', 0);
INSERT INTO `photo` VALUES (84, 1, 'http://14.103.112.11:9000/sidifensen-blog/album/1/1/14d56ca203964a3da8f47316d3f1e8d2.jpg', 1, '2025-08-15 21:35:34', '2025-08-15 21:35:36', 0);
INSERT INTO `photo` VALUES (85, 1, 'http://14.103.112.11:9000/sidifensen-blog/album/1/1/14d56ca203964a3da8f47316d3f1e8d2.jpg', 1, '2025-08-15 21:35:34', '2025-08-15 21:35:36', 0);
INSERT INTO `photo` VALUES (86, 1, 'http://14.103.112.11:9000/sidifensen-blog/album/1/1/14d56ca203964a3da8f47316d3f1e8d2.jpg', 1, '2025-08-15 21:35:34', '2025-08-15 21:35:36', 0);
INSERT INTO `photo` VALUES (87, 1, 'http://14.103.112.11:9000/sidifensen-blog/album/1/1/14d56ca203964a3da8f47316d3f1e8d2.jpg', 1, '2025-08-15 21:35:34', '2025-08-15 21:35:36', 0);
INSERT INTO `photo` VALUES (88, 1, 'http://14.103.112.11:9000/sidifensen-blog/album/1/1/14d56ca203964a3da8f47316d3f1e8d2.jpg', 1, '2025-08-15 21:35:34', '2025-08-15 21:35:36', 0);
INSERT INTO `photo` VALUES (89, 1, 'http://14.103.112.11:9000/sidifensen-blog/album/1/1/14d56ca203964a3da8f47316d3f1e8d2.jpg', 1, '2025-08-15 21:35:34', '2025-08-15 21:35:36', 0);
INSERT INTO `photo` VALUES (90, 1, 'http://14.103.112.11:9000/sidifensen-blog/album/1/1/14d56ca203964a3da8f47316d3f1e8d2.jpg', 1, '2025-08-15 21:35:34', '2025-08-15 21:35:36', 0);
INSERT INTO `photo` VALUES (91, 1, 'http://14.103.112.11:9000/sidifensen-blog/album/1/1/14d56ca203964a3da8f47316d3f1e8d2.jpg', 1, '2025-08-15 21:35:34', '2025-08-15 21:35:36', 0);
INSERT INTO `photo` VALUES (92, 1, 'http://14.103.112.11:9000/sidifensen-blog/album/1/1/14d56ca203964a3da8f47316d3f1e8d2.jpg', 1, '2025-08-15 21:35:34', '2025-08-15 21:35:36', 0);
INSERT INTO `photo` VALUES (93, 1, 'http://14.103.112.11:9000/sidifensen-blog/album/1/1/14d56ca203964a3da8f47316d3f1e8d2.jpg', 1, '2025-08-15 21:35:34', '2025-08-15 21:35:36', 0);
INSERT INTO `photo` VALUES (94, 1, 'http://14.103.112.11:9000/sidifensen-blog/album/1/1/14d56ca203964a3da8f47316d3f1e8d2.jpg', 1, '2025-08-15 21:35:34', '2025-08-15 21:35:36', 0);
INSERT INTO `photo` VALUES (95, 1, 'http://14.103.112.11:9000/sidifensen-blog/album/1/1/14d56ca203964a3da8f47316d3f1e8d2.jpg', 1, '2025-08-15 21:35:34', '2025-08-15 21:35:36', 0);
INSERT INTO `photo` VALUES (96, 1, 'http://14.103.112.11:9000/sidifensen-blog/album/1/1/14d56ca203964a3da8f47316d3f1e8d2.jpg', 1, '2025-08-15 21:35:34', '2025-08-15 21:35:36', 0);
INSERT INTO `photo` VALUES (97, 1, 'http://14.103.112.11:9000/sidifensen-blog/album/1/1/14d56ca203964a3da8f47316d3f1e8d2.jpg', 1, '2025-08-15 21:35:34', '2025-08-15 21:35:36', 0);
INSERT INTO `photo` VALUES (98, 1, 'http://14.103.112.11:9000/sidifensen-blog/album/1/1/14d56ca203964a3da8f47316d3f1e8d2.jpg', 1, '2025-08-15 21:35:34', '2025-08-15 21:35:36', 0);
INSERT INTO `photo` VALUES (99, 1, 'http://14.103.112.11:9000/sidifensen-blog/album/1/1/14d56ca203964a3da8f47316d3f1e8d2.jpg', 1, '2025-08-15 21:35:34', '2025-08-15 21:35:36', 0);
INSERT INTO `photo` VALUES (100, 1, 'http://14.103.112.11:9000/sidifensen-blog/album/1/1/14d56ca203964a3da8f47316d3f1e8d2.jpg', 1, '2025-08-15 21:35:34', '2025-08-15 21:35:36', 0);
INSERT INTO `photo` VALUES (101, 1, 'http://14.103.112.11:9000/sidifensen-blog/album/1/1/14d56ca203964a3da8f47316d3f1e8d2.jpg', 1, '2025-08-15 21:35:34', '2025-08-15 21:35:36', 0);
INSERT INTO `photo` VALUES (102, 1, 'http://14.103.112.11:9000/sidifensen-blog/album/1/1/14d56ca203964a3da8f47316d3f1e8d2.jpg', 1, '2025-08-15 21:35:34', '2025-08-15 21:35:36', 0);
INSERT INTO `photo` VALUES (103, 1, 'http://14.103.112.11:9000/sidifensen-blog/album/1/1/14d56ca203964a3da8f47316d3f1e8d2.jpg', 1, '2025-08-15 21:35:34', '2025-08-15 21:35:36', 0);
INSERT INTO `photo` VALUES (104, 1, 'http://14.103.112.11:9000/sidifensen-blog/album/1/1/14d56ca203964a3da8f47316d3f1e8d2.jpg', 1, '2025-08-15 21:35:34', '2025-08-15 21:35:36', 0);
INSERT INTO `photo` VALUES (105, 1, 'http://14.103.112.11:9000/sidifensen-blog/album/1/1/14d56ca203964a3da8f47316d3f1e8d2.jpg', 1, '2025-08-15 21:35:34', '2025-08-15 21:35:36', 0);
INSERT INTO `photo` VALUES (106, 1, 'http://14.103.112.11:9000/sidifensen-blog/album/1/1/14d56ca203964a3da8f47316d3f1e8d2.jpg', 1, '2025-08-15 21:35:34', '2025-08-15 21:35:36', 0);
INSERT INTO `photo` VALUES (107, 1, 'http://14.103.112.11:9000/sidifensen-blog/album/1/1/14d56ca203964a3da8f47316d3f1e8d2.jpg', 1, '2025-08-15 21:35:34', '2025-08-15 21:35:36', 0);
INSERT INTO `photo` VALUES (108, 1, 'http://14.103.112.11:9000/sidifensen-blog/album/1/1/14d56ca203964a3da8f47316d3f1e8d2.jpg', 1, '2025-08-15 21:35:34', '2025-08-15 21:35:36', 0);
INSERT INTO `photo` VALUES (109, 1, 'http://14.103.112.11:9000/sidifensen-blog/album/1/1/14d56ca203964a3da8f47316d3f1e8d2.jpg', 1, '2025-08-15 21:35:34', '2025-08-15 21:35:36', 0);
INSERT INTO `photo` VALUES (110, 1, 'http://14.103.112.11:9000/sidifensen-blog/album/1/1/14d56ca203964a3da8f47316d3f1e8d2.jpg', 1, '2025-08-15 21:35:34', '2025-08-15 21:35:36', 0);
INSERT INTO `photo` VALUES (111, 1, 'http://14.103.112.11:9000/sidifensen-blog/album/1/1/14d56ca203964a3da8f47316d3f1e8d2.jpg', 1, '2025-08-15 21:35:34', '2025-08-15 21:35:36', 0);
INSERT INTO `photo` VALUES (112, 1, 'http://14.103.112.11:9000/sidifensen-blog/album/1/1/14d56ca203964a3da8f47316d3f1e8d2.jpg', 1, '2025-08-15 21:35:34', '2025-08-15 21:35:36', 0);
INSERT INTO `photo` VALUES (113, 1, 'http://14.103.112.11:9000/sidifensen-blog/album/1/1/14d56ca203964a3da8f47316d3f1e8d2.jpg', 1, '2025-08-15 21:35:34', '2025-08-15 21:35:36', 0);
INSERT INTO `photo` VALUES (114, 1, 'http://14.103.112.11:9000/sidifensen-blog/album/1/1/14d56ca203964a3da8f47316d3f1e8d2.jpg', 1, '2025-08-15 21:35:34', '2025-08-15 21:35:36', 0);
INSERT INTO `photo` VALUES (115, 1, 'http://14.103.112.11:9000/sidifensen-blog/album/1/1/14d56ca203964a3da8f47316d3f1e8d2.jpg', 1, '2025-08-15 21:35:34', '2025-08-15 21:35:36', 0);
INSERT INTO `photo` VALUES (116, 1, 'http://14.103.112.11:9000/sidifensen-blog/album/1/1/14d56ca203964a3da8f47316d3f1e8d2.jpg', 1, '2025-08-15 21:35:34', '2025-08-15 21:35:36', 0);
INSERT INTO `photo` VALUES (117, 1, 'http://14.103.112.11:9000/sidifensen-blog/album/1/1/14d56ca203964a3da8f47316d3f1e8d2.jpg', 1, '2025-08-15 21:35:34', '2025-08-15 21:35:36', 0);
INSERT INTO `photo` VALUES (118, 1, 'http://14.103.112.11:9000/sidifensen-blog/album/1/1/14d56ca203964a3da8f47316d3f1e8d2.jpg', 1, '2025-08-15 21:35:34', '2025-08-15 21:35:36', 0);
INSERT INTO `photo` VALUES (119, 1, 'http://14.103.112.11:9000/sidifensen-blog/album/1/1/14d56ca203964a3da8f47316d3f1e8d2.jpg', 1, '2025-08-15 21:35:34', '2025-08-15 21:35:36', 0);
INSERT INTO `photo` VALUES (120, 1, 'http://14.103.112.11:9000/sidifensen-blog/album/1/1/14d56ca203964a3da8f47316d3f1e8d2.jpg', 1, '2025-08-15 21:35:34', '2025-08-15 21:35:36', 0);
INSERT INTO `photo` VALUES (121, 1, 'http://14.103.112.11:9000/sidifensen-blog/album/1/1/14d56ca203964a3da8f47316d3f1e8d2.jpg', 1, '2025-08-15 21:35:34', '2025-08-15 21:35:36', 0);
INSERT INTO `photo` VALUES (122, 1, 'http://14.103.112.11:9000/sidifensen-blog/album/1/1/14d56ca203964a3da8f47316d3f1e8d2.jpg', 1, '2025-08-15 21:35:34', '2025-08-15 21:35:36', 0);
INSERT INTO `photo` VALUES (123, 1, 'http://14.103.112.11:9000/sidifensen-blog/album/1/1/14d56ca203964a3da8f47316d3f1e8d2.jpg', 1, '2025-08-15 21:35:34', '2025-08-15 21:35:36', 0);
INSERT INTO `photo` VALUES (124, 1, 'http://14.103.112.11:9000/sidifensen-blog/album/1/1/14d56ca203964a3da8f47316d3f1e8d2.jpg', 1, '2025-08-15 21:35:34', '2025-08-15 21:35:36', 0);
INSERT INTO `photo` VALUES (125, 1, 'http://14.103.112.11:9000/sidifensen-blog/album/1/1/14d56ca203964a3da8f47316d3f1e8d2.jpg', 1, '2025-08-15 21:35:34', '2025-08-15 21:35:36', 0);
INSERT INTO `photo` VALUES (126, 1, 'http://14.103.112.11:9000/sidifensen-blog/album/1/1/14d56ca203964a3da8f47316d3f1e8d2.jpg', 1, '2025-08-15 21:35:34', '2025-08-15 21:35:36', 0);
INSERT INTO `photo` VALUES (127, 1, 'http://14.103.112.11:9000/sidifensen-blog/album/1/1/14d56ca203964a3da8f47316d3f1e8d2.jpg', 1, '2025-08-15 21:35:34', '2025-08-15 21:35:36', 0);
INSERT INTO `photo` VALUES (128, 1, 'http://14.103.112.11:9000/sidifensen-blog/album/1/1/14d56ca203964a3da8f47316d3f1e8d2.jpg', 1, '2025-08-15 21:35:34', '2025-08-15 21:35:36', 0);
INSERT INTO `photo` VALUES (129, 1, 'http://14.103.112.11:9000/sidifensen-blog/album/1/1/14d56ca203964a3da8f47316d3f1e8d2.jpg', 1, '2025-08-15 21:35:34', '2025-08-15 21:35:36', 0);
INSERT INTO `photo` VALUES (130, 1, 'http://14.103.112.11:9000/sidifensen-blog/album/1/1/14d56ca203964a3da8f47316d3f1e8d2.jpg', 1, '2025-08-15 21:35:34', '2025-08-15 21:35:36', 0);
INSERT INTO `photo` VALUES (131, 1, 'http://14.103.112.11:9000/sidifensen-blog/album/1/1/14d56ca203964a3da8f47316d3f1e8d2.jpg', 1, '2025-08-15 21:35:34', '2025-08-15 21:35:36', 0);
INSERT INTO `photo` VALUES (132, 1, 'http://14.103.112.11:9000/sidifensen-blog/album/1/1/14d56ca203964a3da8f47316d3f1e8d2.jpg', 1, '2025-08-15 21:35:34', '2025-08-15 21:35:36', 0);
INSERT INTO `photo` VALUES (133, 1, 'http://14.103.112.11:9000/sidifensen-blog/album/1/1/14d56ca203964a3da8f47316d3f1e8d2.jpg', 1, '2025-08-15 21:35:34', '2025-08-15 21:35:36', 0);
INSERT INTO `photo` VALUES (134, 1, 'http://14.103.112.11:9000/sidifensen-blog/album/1/1/14d56ca203964a3da8f47316d3f1e8d2.jpg', 1, '2025-08-15 21:35:34', '2025-08-15 21:35:36', 0);
INSERT INTO `photo` VALUES (135, 1, 'http://14.103.112.11:9000/sidifensen-blog/album/1/1/14d56ca203964a3da8f47316d3f1e8d2.jpg', 1, '2025-08-15 21:35:34', '2025-08-15 21:35:36', 0);
INSERT INTO `photo` VALUES (136, 1, 'http://14.103.112.11:9000/sidifensen-blog/album/1/1/14d56ca203964a3da8f47316d3f1e8d2.jpg', 1, '2025-08-15 21:35:34', '2025-08-15 21:35:36', 0);
INSERT INTO `photo` VALUES (137, 1, 'http://14.103.112.11:9000/sidifensen-blog/album/1/1/14d56ca203964a3da8f47316d3f1e8d2.jpg', 1, '2025-08-15 21:35:34', '2025-08-15 21:35:36', 0);
INSERT INTO `photo` VALUES (138, 1, 'http://14.103.112.11:9000/sidifensen-blog/album/1/1/14d56ca203964a3da8f47316d3f1e8d2.jpg', 1, '2025-08-15 21:35:34', '2025-08-15 21:35:36', 0);
INSERT INTO `photo` VALUES (139, 1, 'http://14.103.112.11:9000/sidifensen-blog/album/1/1/14d56ca203964a3da8f47316d3f1e8d2.jpg', 1, '2025-08-15 21:35:34', '2025-08-15 21:35:36', 0);
INSERT INTO `photo` VALUES (140, 1, 'http://14.103.112.11:9000/sidifensen-blog/album/1/1/14d56ca203964a3da8f47316d3f1e8d2.jpg', 1, '2025-08-15 21:35:34', '2025-08-15 21:35:36', 0);
INSERT INTO `photo` VALUES (141, 1, 'http://14.103.112.11:9000/sidifensen-blog/album/1/1/14d56ca203964a3da8f47316d3f1e8d2.jpg', 1, '2025-08-15 21:35:34', '2025-08-15 21:35:36', 0);
INSERT INTO `photo` VALUES (142, 1, 'http://14.103.112.11:9000/sidifensen-blog/album/1/1/14d56ca203964a3da8f47316d3f1e8d2.jpg', 1, '2025-08-15 21:35:34', '2025-08-15 21:35:36', 0);
INSERT INTO `photo` VALUES (143, 1, 'http://14.103.112.11:9000/sidifensen-blog/album/1/1/14d56ca203964a3da8f47316d3f1e8d2.jpg', 1, '2025-08-15 21:35:34', '2025-08-15 21:35:36', 0);
INSERT INTO `photo` VALUES (144, 1, 'http://14.103.112.11:9000/sidifensen-blog/album/1/1/14d56ca203964a3da8f47316d3f1e8d2.jpg', 1, '2025-08-15 21:35:34', '2025-08-15 21:35:36', 0);
INSERT INTO `photo` VALUES (145, 1, 'http://14.103.112.11:9000/sidifensen-blog/album/1/1/14d56ca203964a3da8f47316d3f1e8d2.jpg', 1, '2025-08-15 21:35:34', '2025-08-15 21:35:36', 0);
INSERT INTO `photo` VALUES (146, 1, 'http://14.103.112.11:9000/sidifensen-blog/album/1/1/14d56ca203964a3da8f47316d3f1e8d2.jpg', 1, '2025-08-15 21:35:34', '2025-08-15 21:35:36', 0);
INSERT INTO `photo` VALUES (147, 1, 'http://14.103.112.11:9000/sidifensen-blog/album/1/1/14d56ca203964a3da8f47316d3f1e8d2.jpg', 1, '2025-08-15 21:35:34', '2025-08-15 21:35:36', 0);
INSERT INTO `photo` VALUES (148, 1, 'http://14.103.112.11:9000/sidifensen-blog/album/1/1/14d56ca203964a3da8f47316d3f1e8d2.jpg', 1, '2025-08-15 21:35:34', '2025-08-15 21:35:36', 0);
INSERT INTO `photo` VALUES (149, 1, 'http://14.103.112.11:9000/sidifensen-blog/album/1/1/14d56ca203964a3da8f47316d3f1e8d2.jpg', 1, '2025-08-15 21:35:34', '2025-08-15 21:35:36', 0);
INSERT INTO `photo` VALUES (150, 1, 'http://14.103.112.11:9000/sidifensen-blog/album/1/1/14d56ca203964a3da8f47316d3f1e8d2.jpg', 1, '2025-08-15 21:35:34', '2025-08-15 21:35:36', 0);
INSERT INTO `photo` VALUES (151, 1, 'http://14.103.112.11:9000/sidifensen-blog/album/1/1/14d56ca203964a3da8f47316d3f1e8d2.jpg', 1, '2025-08-15 21:35:34', '2025-08-15 21:35:36', 0);
INSERT INTO `photo` VALUES (152, 1, 'http://14.103.112.11:9000/sidifensen-blog/album/1/1/14d56ca203964a3da8f47316d3f1e8d2.jpg', 1, '2025-08-15 21:35:34', '2025-08-15 21:35:36', 0);
INSERT INTO `photo` VALUES (153, 1, 'http://14.103.112.11:9000/sidifensen-blog/album/1/1/14d56ca203964a3da8f47316d3f1e8d2.jpg', 1, '2025-08-15 21:35:34', '2025-08-15 21:35:36', 0);
INSERT INTO `photo` VALUES (154, 1, 'http://14.103.112.11:9000/sidifensen-blog/album/1/1/14d56ca203964a3da8f47316d3f1e8d2.jpg', 1, '2025-08-15 21:35:34', '2025-08-15 21:35:36', 0);
INSERT INTO `photo` VALUES (155, 1, 'http://14.103.112.11:9000/sidifensen-blog/album/1/1/14d56ca203964a3da8f47316d3f1e8d2.jpg', 1, '2025-08-15 21:35:34', '2025-08-15 21:35:36', 0);
INSERT INTO `photo` VALUES (156, 1, 'http://14.103.112.11:9000/sidifensen-blog/album/1/1/14d56ca203964a3da8f47316d3f1e8d2.jpg', 1, '2025-08-15 21:35:34', '2025-08-15 21:35:36', 0);
INSERT INTO `photo` VALUES (157, 1, 'http://14.103.112.11:9000/sidifensen-blog/album/1/1/14d56ca203964a3da8f47316d3f1e8d2.jpg', 1, '2025-08-15 21:35:34', '2025-08-15 21:35:36', 0);
INSERT INTO `photo` VALUES (158, 1, 'http://14.103.112.11:9000/sidifensen-blog/album/1/1/14d56ca203964a3da8f47316d3f1e8d2.jpg', 1, '2025-08-15 21:35:34', '2025-08-15 21:35:36', 0);
INSERT INTO `photo` VALUES (159, 1, 'http://14.103.112.11:9000/sidifensen-blog/album/1/1/14d56ca203964a3da8f47316d3f1e8d2.jpg', 1, '2025-08-15 21:35:34', '2025-08-15 21:35:36', 0);
INSERT INTO `photo` VALUES (160, 1, 'http://14.103.112.11:9000/sidifensen-blog/album/1/1/14d56ca203964a3da8f47316d3f1e8d2.jpg', 1, '2025-08-15 21:35:34', '2025-08-15 21:35:36', 0);
INSERT INTO `photo` VALUES (161, 1, 'http://14.103.112.11:9000/sidifensen-blog/album/1/1/14d56ca203964a3da8f47316d3f1e8d2.jpg', 1, '2025-08-15 21:35:34', '2025-08-15 21:35:36', 0);
INSERT INTO `photo` VALUES (162, 1, 'http://14.103.112.11:9000/sidifensen-blog/album/1/1/14d56ca203964a3da8f47316d3f1e8d2.jpg', 1, '2025-08-15 21:35:34', '2025-08-15 21:35:36', 0);
INSERT INTO `photo` VALUES (163, 1, 'http://14.103.112.11:9000/sidifensen-blog/album/1/1/14d56ca203964a3da8f47316d3f1e8d2.jpg', 1, '2025-08-15 21:35:34', '2025-08-15 21:35:36', 0);
INSERT INTO `photo` VALUES (164, 1, 'http://14.103.112.11:9000/sidifensen-blog/album/1/1/14d56ca203964a3da8f47316d3f1e8d2.jpg', 1, '2025-08-15 21:35:34', '2025-08-15 21:35:36', 0);
INSERT INTO `photo` VALUES (165, 1, 'http://14.103.112.11:9000/sidifensen-blog/album/1/1/14d56ca203964a3da8f47316d3f1e8d2.jpg', 1, '2025-08-15 21:35:34', '2025-08-15 21:35:36', 0);
INSERT INTO `photo` VALUES (166, 1, 'http://14.103.112.11:9000/sidifensen-blog/album/1/1/14d56ca203964a3da8f47316d3f1e8d2.jpg', 1, '2025-08-15 21:35:34', '2025-08-15 21:35:36', 0);
INSERT INTO `photo` VALUES (167, 1, 'http://14.103.112.11:9000/sidifensen-blog/album/1/1/14d56ca203964a3da8f47316d3f1e8d2.jpg', 1, '2025-08-15 21:35:34', '2025-08-15 21:35:36', 0);
INSERT INTO `photo` VALUES (168, 1, 'http://14.103.112.11:9000/sidifensen-blog/album/1/1/14d56ca203964a3da8f47316d3f1e8d2.jpg', 1, '2025-08-15 21:35:34', '2025-08-15 21:35:36', 0);
INSERT INTO `photo` VALUES (169, 1, 'http://14.103.112.11:9000/sidifensen-blog/album/1/1/14d56ca203964a3da8f47316d3f1e8d2.jpg', 1, '2025-08-15 21:35:34', '2025-08-15 21:35:36', 0);
INSERT INTO `photo` VALUES (170, 1, 'http://14.103.112.11:9000/sidifensen-blog/album/1/1/14d56ca203964a3da8f47316d3f1e8d2.jpg', 1, '2025-08-15 21:35:34', '2025-08-15 21:35:36', 0);
INSERT INTO `photo` VALUES (171, 1, 'http://14.103.112.11:9000/sidifensen-blog/album/1/1/14d56ca203964a3da8f47316d3f1e8d2.jpg', 1, '2025-08-15 21:35:34', '2025-08-15 21:35:36', 0);
INSERT INTO `photo` VALUES (172, 1, 'http://14.103.112.11:9000/sidifensen-blog/album/1/1/14d56ca203964a3da8f47316d3f1e8d2.jpg', 1, '2025-08-15 21:35:34', '2025-08-15 21:35:36', 0);
INSERT INTO `photo` VALUES (173, 1, 'http://14.103.112.11:9000/sidifensen-blog/album/1/1/14d56ca203964a3da8f47316d3f1e8d2.jpg', 1, '2025-08-15 21:35:34', '2025-08-15 21:35:36', 0);
INSERT INTO `photo` VALUES (174, 1, 'http://14.103.112.11:9000/sidifensen-blog/album/1/1/14d56ca203964a3da8f47316d3f1e8d2.jpg', 1, '2025-08-15 21:35:34', '2025-08-15 21:35:36', 0);
INSERT INTO `photo` VALUES (175, 1, 'http://14.103.112.11:9000/sidifensen-blog/album/1/1/14d56ca203964a3da8f47316d3f1e8d2.jpg', 1, '2025-08-15 21:35:34', '2025-08-15 21:35:36', 0);
INSERT INTO `photo` VALUES (176, 1, 'http://14.103.112.11:9000/sidifensen-blog/album/1/1/14d56ca203964a3da8f47316d3f1e8d2.jpg', 1, '2025-08-15 21:35:34', '2025-08-15 21:35:36', 0);
INSERT INTO `photo` VALUES (177, 1, 'http://14.103.112.11:9000/sidifensen-blog/album/1/1/14d56ca203964a3da8f47316d3f1e8d2.jpg', 1, '2025-08-15 21:35:34', '2025-08-15 21:35:36', 0);
INSERT INTO `photo` VALUES (178, 1, 'http://14.103.112.11:9000/sidifensen-blog/album/1/1/14d56ca203964a3da8f47316d3f1e8d2.jpg', 1, '2025-08-15 21:35:34', '2025-08-15 21:35:36', 0);
INSERT INTO `photo` VALUES (179, 1, 'http://14.103.112.11:9000/sidifensen-blog/album/1/1/14d56ca203964a3da8f47316d3f1e8d2.jpg', 1, '2025-08-15 21:35:34', '2025-08-15 21:35:36', 0);
INSERT INTO `photo` VALUES (180, 1, 'http://14.103.112.11:9000/sidifensen-blog/album/1/1/14d56ca203964a3da8f47316d3f1e8d2.jpg', 1, '2025-08-15 21:35:34', '2025-08-15 21:35:36', 0);
INSERT INTO `photo` VALUES (181, 1, 'http://14.103.112.11:9000/sidifensen-blog/album/1/1/14d56ca203964a3da8f47316d3f1e8d2.jpg', 1, '2025-08-15 21:35:34', '2025-08-15 21:35:36', 0);
INSERT INTO `photo` VALUES (182, 1, 'http://14.103.112.11:9000/sidifensen-blog/album/1/1/14d56ca203964a3da8f47316d3f1e8d2.jpg', 1, '2025-08-15 21:35:34', '2025-08-15 21:35:36', 0);
INSERT INTO `photo` VALUES (183, 1, 'http://14.103.112.11:9000/sidifensen-blog/album/1/1/14d56ca203964a3da8f47316d3f1e8d2.jpg', 1, '2025-08-15 21:35:34', '2025-08-15 21:35:36', 0);
INSERT INTO `photo` VALUES (184, 1, 'http://14.103.112.11:9000/sidifensen-blog/album/1/1/14d56ca203964a3da8f47316d3f1e8d2.jpg', 1, '2025-08-15 21:35:34', '2025-08-15 21:35:36', 0);
INSERT INTO `photo` VALUES (185, 1, 'http://14.103.112.11:9000/sidifensen-blog/album/1/1/14d56ca203964a3da8f47316d3f1e8d2.jpg', 1, '2025-08-15 21:35:34', '2025-08-15 21:35:36', 0);
INSERT INTO `photo` VALUES (186, 1, 'http://14.103.112.11:9000/sidifensen-blog/album/1/1/14d56ca203964a3da8f47316d3f1e8d2.jpg', 1, '2025-08-15 21:35:34', '2025-08-15 21:35:36', 0);
INSERT INTO `photo` VALUES (187, 1, 'http://14.103.112.11:9000/sidifensen-blog/album/1/1/14d56ca203964a3da8f47316d3f1e8d2.jpg', 1, '2025-08-15 21:35:34', '2025-08-15 21:35:36', 0);
INSERT INTO `photo` VALUES (188, 1, 'http://14.103.112.11:9000/sidifensen-blog/album/1/1/14d56ca203964a3da8f47316d3f1e8d2.jpg', 1, '2025-08-15 21:35:34', '2025-08-15 21:35:36', 0);
INSERT INTO `photo` VALUES (189, 1, 'http://14.103.112.11:9000/sidifensen-blog/album/1/1/14d56ca203964a3da8f47316d3f1e8d2.jpg', 1, '2025-08-15 21:35:34', '2025-08-15 21:35:36', 0);
INSERT INTO `photo` VALUES (190, 1, 'http://14.103.112.11:9000/sidifensen-blog/album/1/1/14d56ca203964a3da8f47316d3f1e8d2.jpg', 1, '2025-08-15 21:35:34', '2025-08-15 21:35:36', 0);
INSERT INTO `photo` VALUES (191, 1, 'http://14.103.112.11:9000/sidifensen-blog/album/1/1/14d56ca203964a3da8f47316d3f1e8d2.jpg', 1, '2025-08-15 21:35:34', '2025-08-15 21:35:36', 0);
INSERT INTO `photo` VALUES (192, 1, 'http://14.103.112.11:9000/sidifensen-blog/album/1/1/14d56ca203964a3da8f47316d3f1e8d2.jpg', 1, '2025-08-15 21:35:34', '2025-08-15 21:35:36', 0);
INSERT INTO `photo` VALUES (193, 1, 'http://14.103.112.11:9000/sidifensen-blog/album/1/1/14d56ca203964a3da8f47316d3f1e8d2.jpg', 1, '2025-08-15 21:35:34', '2025-08-15 21:35:36', 0);
INSERT INTO `photo` VALUES (194, 1, 'http://14.103.112.11:9000/sidifensen-blog/album/1/1/14d56ca203964a3da8f47316d3f1e8d2.jpg', 1, '2025-08-15 21:35:34', '2025-08-15 21:35:36', 0);
INSERT INTO `photo` VALUES (195, 1, 'http://14.103.112.11:9000/sidifensen-blog/album/1/1/14d56ca203964a3da8f47316d3f1e8d2.jpg', 1, '2025-08-15 21:35:34', '2025-08-15 21:35:36', 0);
INSERT INTO `photo` VALUES (196, 1, 'http://14.103.112.11:9000/sidifensen-blog/album/1/1/14d56ca203964a3da8f47316d3f1e8d2.jpg', 1, '2025-08-15 21:35:34', '2025-08-15 21:35:36', 0);
INSERT INTO `photo` VALUES (197, 1, 'http://14.103.112.11:9000/sidifensen-blog/album/1/1/14d56ca203964a3da8f47316d3f1e8d2.jpg', 1, '2025-08-15 21:35:34', '2025-08-15 21:35:36', 0);
INSERT INTO `photo` VALUES (198, 1, 'http://14.103.112.11:9000/sidifensen-blog/album/1/1/14d56ca203964a3da8f47316d3f1e8d2.jpg', 1, '2025-08-15 21:35:34', '2025-08-15 21:35:36', 0);
INSERT INTO `photo` VALUES (199, 1, 'http://14.103.112.11:9000/sidifensen-blog/album/1/1/14d56ca203964a3da8f47316d3f1e8d2.jpg', 1, '2025-08-15 21:35:34', '2025-08-15 21:35:36', 0);
INSERT INTO `photo` VALUES (200, 1, 'http://14.103.112.11:9000/sidifensen-blog/album/1/1/14d56ca203964a3da8f47316d3f1e8d2.jpg', 1, '2025-08-15 21:35:34', '2025-08-15 21:35:36', 0);
INSERT INTO `photo` VALUES (201, 1, 'http://14.103.112.11:9000/sidifensen-blog/album/1/1/14d56ca203964a3da8f47316d3f1e8d2.jpg', 1, '2025-08-15 21:35:34', '2025-08-15 21:35:36', 0);
INSERT INTO `photo` VALUES (202, 1, 'http://14.103.112.11:9000/sidifensen-blog/album/1/1/14d56ca203964a3da8f47316d3f1e8d2.jpg', 1, '2025-08-15 21:35:34', '2025-08-15 21:35:36', 0);
INSERT INTO `photo` VALUES (203, 1, 'http://14.103.112.11:9000/sidifensen-blog/album/1/1/14d56ca203964a3da8f47316d3f1e8d2.jpg', 1, '2025-08-15 21:35:34', '2025-08-15 21:35:36', 0);
INSERT INTO `photo` VALUES (204, 1, 'http://14.103.112.11:9000/sidifensen-blog/album/1/1/14d56ca203964a3da8f47316d3f1e8d2.jpg', 1, '2025-08-15 21:35:34', '2025-08-15 21:35:36', 0);
INSERT INTO `photo` VALUES (205, 1, 'http://14.103.112.11:9000/sidifensen-blog/album/1/1/14d56ca203964a3da8f47316d3f1e8d2.jpg', 1, '2025-08-15 21:35:34', '2025-08-15 21:35:36', 0);
INSERT INTO `photo` VALUES (206, 1, 'http://14.103.112.11:9000/sidifensen-blog/album/1/1/14d56ca203964a3da8f47316d3f1e8d2.jpg', 1, '2025-08-15 21:35:34', '2025-08-15 21:35:36', 0);
INSERT INTO `photo` VALUES (207, 1, 'http://14.103.112.11:9000/sidifensen-blog/album/1/1/14d56ca203964a3da8f47316d3f1e8d2.jpg', 1, '2025-08-15 21:35:34', '2025-08-15 21:35:36', 0);
INSERT INTO `photo` VALUES (208, 1, 'http://14.103.112.11:9000/sidifensen-blog/album/1/1/14d56ca203964a3da8f47316d3f1e8d2.jpg', 1, '2025-08-15 21:35:34', '2025-08-15 21:35:36', 0);
INSERT INTO `photo` VALUES (209, 1, 'http://14.103.112.11:9000/sidifensen-blog/album/1/1/14d56ca203964a3da8f47316d3f1e8d2.jpg', 1, '2025-08-15 21:35:34', '2025-08-15 21:35:36', 0);
INSERT INTO `photo` VALUES (210, 1, 'http://14.103.112.11:9000/sidifensen-blog/album/1/1/14d56ca203964a3da8f47316d3f1e8d2.jpg', 1, '2025-08-15 21:35:34', '2025-08-15 21:35:36', 0);
INSERT INTO `photo` VALUES (211, 1, 'http://14.103.112.11:9000/sidifensen-blog/album/1/1/14d56ca203964a3da8f47316d3f1e8d2.jpg', 1, '2025-08-15 21:35:34', '2025-08-15 21:35:36', 0);
INSERT INTO `photo` VALUES (212, 1, 'http://14.103.112.11:9000/sidifensen-blog/album/1/1/14d56ca203964a3da8f47316d3f1e8d2.jpg', 1, '2025-08-15 21:35:34', '2025-08-15 21:35:36', 0);
INSERT INTO `photo` VALUES (213, 1, 'http://14.103.112.11:9000/sidifensen-blog/album/1/1/14d56ca203964a3da8f47316d3f1e8d2.jpg', 1, '2025-08-15 21:35:34', '2025-08-15 21:35:36', 0);
INSERT INTO `photo` VALUES (214, 1, 'http://14.103.112.11:9000/sidifensen-blog/album/1/1/14d56ca203964a3da8f47316d3f1e8d2.jpg', 1, '2025-08-15 21:35:34', '2025-08-15 21:35:36', 0);
INSERT INTO `photo` VALUES (215, 1, 'http://14.103.112.11:9000/sidifensen-blog/album/1/1/14d56ca203964a3da8f47316d3f1e8d2.jpg', 1, '2025-08-15 21:35:34', '2025-08-15 21:35:36', 0);
INSERT INTO `photo` VALUES (216, 1, 'http://14.103.112.11:9000/sidifensen-blog/album/1/1/14d56ca203964a3da8f47316d3f1e8d2.jpg', 1, '2025-08-15 21:35:34', '2025-08-15 21:35:36', 0);
INSERT INTO `photo` VALUES (217, 1, 'http://14.103.112.11:9000/sidifensen-blog/album/1/1/14d56ca203964a3da8f47316d3f1e8d2.jpg', 1, '2025-08-15 21:35:34', '2025-08-15 21:35:36', 0);
INSERT INTO `photo` VALUES (218, 1, 'http://14.103.112.11:9000/sidifensen-blog/album/1/1/14d56ca203964a3da8f47316d3f1e8d2.jpg', 1, '2025-08-15 21:35:34', '2025-08-15 21:35:36', 0);
INSERT INTO `photo` VALUES (219, 1, 'http://14.103.112.11:9000/sidifensen-blog/album/1/1/14d56ca203964a3da8f47316d3f1e8d2.jpg', 1, '2025-08-15 21:35:34', '2025-08-15 21:35:36', 0);
INSERT INTO `photo` VALUES (220, 1, 'http://14.103.112.11:9000/sidifensen-blog/album/1/1/14d56ca203964a3da8f47316d3f1e8d2.jpg', 1, '2025-08-15 21:35:34', '2025-08-15 21:35:36', 0);
INSERT INTO `photo` VALUES (221, 1, 'http://14.103.112.11:9000/sidifensen-blog/album/1/1/14d56ca203964a3da8f47316d3f1e8d2.jpg', 1, '2025-08-15 21:35:34', '2025-08-15 21:35:36', 0);
INSERT INTO `photo` VALUES (222, 1, 'http://14.103.112.11:9000/sidifensen-blog/album/1/1/14d56ca203964a3da8f47316d3f1e8d2.jpg', 1, '2025-08-15 21:35:34', '2025-08-15 21:35:36', 0);
INSERT INTO `photo` VALUES (223, 1, 'http://14.103.112.11:9000/sidifensen-blog/album/1/1/14d56ca203964a3da8f47316d3f1e8d2.jpg', 1, '2025-08-15 21:35:34', '2025-08-15 21:35:36', 0);
INSERT INTO `photo` VALUES (224, 1, 'http://14.103.112.11:9000/sidifensen-blog/album/1/1/14d56ca203964a3da8f47316d3f1e8d2.jpg', 1, '2025-08-15 21:35:34', '2025-08-15 21:35:36', 0);
INSERT INTO `photo` VALUES (225, 1, 'http://14.103.112.11:9000/sidifensen-blog/album/1/1/14d56ca203964a3da8f47316d3f1e8d2.jpg', 1, '2025-08-15 21:35:34', '2025-08-15 21:35:36', 0);
INSERT INTO `photo` VALUES (226, 1, 'http://14.103.112.11:9000/sidifensen-blog/album/1/1/14d56ca203964a3da8f47316d3f1e8d2.jpg', 1, '2025-08-15 21:35:34', '2025-08-15 21:35:36', 0);
INSERT INTO `photo` VALUES (227, 1, 'http://14.103.112.11:9000/sidifensen-blog/album/1/1/14d56ca203964a3da8f47316d3f1e8d2.jpg', 1, '2025-08-15 21:35:34', '2025-08-15 21:35:36', 0);
INSERT INTO `photo` VALUES (228, 1, 'http://14.103.112.11:9000/sidifensen-blog/album/1/1/14d56ca203964a3da8f47316d3f1e8d2.jpg', 1, '2025-08-15 21:35:34', '2025-08-15 21:35:36', 0);
INSERT INTO `photo` VALUES (229, 1, 'http://14.103.112.11:9000/sidifensen-blog/album/1/1/14d56ca203964a3da8f47316d3f1e8d2.jpg', 1, '2025-08-15 21:35:34', '2025-08-15 21:35:36', 0);
INSERT INTO `photo` VALUES (230, 1, 'http://14.103.112.11:9000/sidifensen-blog/album/1/1/14d56ca203964a3da8f47316d3f1e8d2.jpg', 1, '2025-08-15 21:35:34', '2025-08-15 21:35:36', 0);
INSERT INTO `photo` VALUES (231, 1, 'http://14.103.112.11:9000/sidifensen-blog/album/1/1/14d56ca203964a3da8f47316d3f1e8d2.jpg', 1, '2025-08-15 21:35:34', '2025-08-15 21:35:36', 0);
INSERT INTO `photo` VALUES (232, 1, 'http://14.103.112.11:9000/sidifensen-blog/album/1/1/14d56ca203964a3da8f47316d3f1e8d2.jpg', 1, '2025-08-15 21:35:34', '2025-08-15 21:35:36', 0);
INSERT INTO `photo` VALUES (233, 1, 'http://14.103.112.11:9000/sidifensen-blog/album/1/1/14d56ca203964a3da8f47316d3f1e8d2.jpg', 1, '2025-08-15 21:35:34', '2025-08-15 21:35:36', 0);
INSERT INTO `photo` VALUES (234, 1, 'http://14.103.112.11:9000/sidifensen-blog/album/1/1/14d56ca203964a3da8f47316d3f1e8d2.jpg', 1, '2025-08-15 21:35:34', '2025-08-15 21:35:36', 0);
INSERT INTO `photo` VALUES (235, 1, 'http://14.103.112.11:9000/sidifensen-blog/album/1/1/14d56ca203964a3da8f47316d3f1e8d2.jpg', 1, '2025-08-15 21:35:34', '2025-08-15 21:35:36', 0);
INSERT INTO `photo` VALUES (236, 1, 'http://14.103.112.11:9000/sidifensen-blog/album/1/1/14d56ca203964a3da8f47316d3f1e8d2.jpg', 1, '2025-08-15 21:35:34', '2025-08-15 21:35:36', 0);
INSERT INTO `photo` VALUES (237, 1, 'http://14.103.112.11:9000/sidifensen-blog/album/1/1/14d56ca203964a3da8f47316d3f1e8d2.jpg', 1, '2025-08-15 21:35:34', '2025-08-15 21:35:36', 0);
INSERT INTO `photo` VALUES (238, 1, 'http://14.103.112.11:9000/sidifensen-blog/album/1/1/14d56ca203964a3da8f47316d3f1e8d2.jpg', 1, '2025-08-15 21:35:34', '2025-08-15 21:35:36', 0);
INSERT INTO `photo` VALUES (239, 1, 'http://14.103.112.11:9000/sidifensen-blog/album/1/1/14d56ca203964a3da8f47316d3f1e8d2.jpg', 1, '2025-08-15 21:35:34', '2025-08-15 21:35:36', 0);
INSERT INTO `photo` VALUES (240, 1, 'http://14.103.112.11:9000/sidifensen-blog/album/1/1/14d56ca203964a3da8f47316d3f1e8d2.jpg', 1, '2025-08-15 21:35:34', '2025-08-15 21:35:36', 0);
INSERT INTO `photo` VALUES (241, 1, 'http://14.103.112.11:9000/sidifensen-blog/album/1/1/14d56ca203964a3da8f47316d3f1e8d2.jpg', 1, '2025-08-15 21:35:34', '2025-08-15 21:35:36', 0);
INSERT INTO `photo` VALUES (242, 1, 'http://14.103.112.11:9000/sidifensen-blog/album/1/1/14d56ca203964a3da8f47316d3f1e8d2.jpg', 1, '2025-08-15 21:35:34', '2025-08-15 21:35:36', 0);
INSERT INTO `photo` VALUES (243, 1, 'http://14.103.112.11:9000/sidifensen-blog/album/1/1/14d56ca203964a3da8f47316d3f1e8d2.jpg', 1, '2025-08-15 21:35:34', '2025-08-15 21:35:36', 0);
INSERT INTO `photo` VALUES (244, 1, 'http://14.103.112.11:9000/sidifensen-blog/album/1/1/14d56ca203964a3da8f47316d3f1e8d2.jpg', 1, '2025-08-15 21:35:34', '2025-08-15 21:35:36', 0);
INSERT INTO `photo` VALUES (245, 1, 'http://14.103.112.11:9000/sidifensen-blog/album/1/1/14d56ca203964a3da8f47316d3f1e8d2.jpg', 1, '2025-08-15 21:35:34', '2025-08-15 21:35:36', 0);
INSERT INTO `photo` VALUES (246, 1, 'http://14.103.112.11:9000/sidifensen-blog/album/1/1/14d56ca203964a3da8f47316d3f1e8d2.jpg', 1, '2025-08-15 21:35:34', '2025-08-15 21:35:36', 0);
INSERT INTO `photo` VALUES (247, 1, 'http://14.103.112.11:9000/sidifensen-blog/album/1/1/14d56ca203964a3da8f47316d3f1e8d2.jpg', 1, '2025-08-15 21:35:34', '2025-08-15 21:35:36', 0);
INSERT INTO `photo` VALUES (248, 1, 'http://14.103.112.11:9000/sidifensen-blog/album/1/1/14d56ca203964a3da8f47316d3f1e8d2.jpg', 1, '2025-08-15 21:35:34', '2025-08-15 21:35:36', 0);
INSERT INTO `photo` VALUES (249, 1, 'http://14.103.112.11:9000/sidifensen-blog/album/1/1/14d56ca203964a3da8f47316d3f1e8d2.jpg', 1, '2025-08-15 21:35:34', '2025-08-15 21:35:36', 0);
INSERT INTO `photo` VALUES (250, 1, 'http://14.103.112.11:9000/sidifensen-blog/album/1/1/14d56ca203964a3da8f47316d3f1e8d2.jpg', 1, '2025-08-15 21:35:34', '2025-08-15 21:35:36', 0);
INSERT INTO `photo` VALUES (251, 1, 'http://14.103.112.11:9000/sidifensen-blog/album/1/1/14d56ca203964a3da8f47316d3f1e8d2.jpg', 1, '2025-08-15 21:35:34', '2025-08-15 21:35:36', 0);
INSERT INTO `photo` VALUES (252, 1, 'http://14.103.112.11:9000/sidifensen-blog/album/1/1/14d56ca203964a3da8f47316d3f1e8d2.jpg', 1, '2025-08-15 21:35:34', '2025-08-15 21:35:36', 0);
INSERT INTO `photo` VALUES (253, 1, 'http://14.103.112.11:9000/sidifensen-blog/album/1/1/14d56ca203964a3da8f47316d3f1e8d2.jpg', 1, '2025-08-15 21:35:34', '2025-08-15 21:35:36', 0);
INSERT INTO `photo` VALUES (254, 1, 'http://14.103.112.11:9000/sidifensen-blog/album/1/1/14d56ca203964a3da8f47316d3f1e8d2.jpg', 1, '2025-08-15 21:35:34', '2025-08-15 21:35:36', 0);
INSERT INTO `photo` VALUES (255, 1, 'http://14.103.112.11:9000/sidifensen-blog/album/1/1/14d56ca203964a3da8f47316d3f1e8d2.jpg', 1, '2025-08-15 21:35:34', '2025-08-15 21:35:36', 0);
INSERT INTO `photo` VALUES (256, 1, 'http://14.103.112.11:9000/sidifensen-blog/album/1/1/14d56ca203964a3da8f47316d3f1e8d2.jpg', 1, '2025-08-15 21:35:34', '2025-08-15 21:35:36', 0);
INSERT INTO `photo` VALUES (257, 1, 'http://14.103.112.11:9000/sidifensen-blog/album/1/1/14d56ca203964a3da8f47316d3f1e8d2.jpg', 1, '2025-08-15 21:35:34', '2025-08-15 21:35:36', 0);
INSERT INTO `photo` VALUES (258, 1, 'http://14.103.112.11:9000/sidifensen-blog/album/1/1/14d56ca203964a3da8f47316d3f1e8d2.jpg', 1, '2025-08-15 21:35:34', '2025-08-15 21:35:36', 0);
INSERT INTO `photo` VALUES (259, 1, 'http://14.103.112.11:9000/sidifensen-blog/album/1/1/14d56ca203964a3da8f47316d3f1e8d2.jpg', 1, '2025-08-15 21:35:34', '2025-08-15 21:35:36', 0);
INSERT INTO `photo` VALUES (260, 1, 'http://14.103.112.11:9000/sidifensen-blog/album/1/1/14d56ca203964a3da8f47316d3f1e8d2.jpg', 1, '2025-08-15 21:35:34', '2025-08-15 21:35:36', 0);
INSERT INTO `photo` VALUES (261, 1, 'http://14.103.112.11:9000/sidifensen-blog/album/1/1/14d56ca203964a3da8f47316d3f1e8d2.jpg', 1, '2025-08-15 21:35:34', '2025-08-15 21:35:36', 0);
INSERT INTO `photo` VALUES (262, 1, 'http://14.103.112.11:9000/sidifensen-blog/album/1/1/14d56ca203964a3da8f47316d3f1e8d2.jpg', 1, '2025-08-15 21:35:34', '2025-08-15 21:35:36', 0);
INSERT INTO `photo` VALUES (263, 1, 'http://14.103.112.11:9000/sidifensen-blog/album/1/1/14d56ca203964a3da8f47316d3f1e8d2.jpg', 1, '2025-08-15 21:35:34', '2025-08-15 21:35:36', 0);
INSERT INTO `photo` VALUES (264, 1, 'http://14.103.112.11:9000/sidifensen-blog/album/1/1/14d56ca203964a3da8f47316d3f1e8d2.jpg', 1, '2025-08-15 21:35:34', '2025-08-15 21:35:36', 0);
INSERT INTO `photo` VALUES (265, 1, 'http://14.103.112.11:9000/sidifensen-blog/album/1/1/14d56ca203964a3da8f47316d3f1e8d2.jpg', 1, '2025-08-15 21:35:34', '2025-08-15 21:35:36', 0);
INSERT INTO `photo` VALUES (266, 1, 'http://14.103.112.11:9000/sidifensen-blog/album/1/1/14d56ca203964a3da8f47316d3f1e8d2.jpg', 1, '2025-08-15 21:35:34', '2025-08-15 21:35:36', 0);
INSERT INTO `photo` VALUES (267, 1, 'http://14.103.112.11:9000/sidifensen-blog/album/1/1/14d56ca203964a3da8f47316d3f1e8d2.jpg', 1, '2025-08-15 21:35:34', '2025-08-15 21:35:36', 0);
INSERT INTO `photo` VALUES (268, 1, 'http://14.103.112.11:9000/sidifensen-blog/album/1/1/14d56ca203964a3da8f47316d3f1e8d2.jpg', 1, '2025-08-15 21:35:34', '2025-08-15 21:35:36', 0);
INSERT INTO `photo` VALUES (269, 1, 'http://14.103.112.11:9000/sidifensen-blog/album/1/1/14d56ca203964a3da8f47316d3f1e8d2.jpg', 1, '2025-08-15 21:35:34', '2025-08-15 21:35:36', 0);
INSERT INTO `photo` VALUES (270, 1, 'http://14.103.112.11:9000/sidifensen-blog/album/1/1/14d56ca203964a3da8f47316d3f1e8d2.jpg', 1, '2025-08-15 21:35:34', '2025-08-15 21:35:36', 0);
INSERT INTO `photo` VALUES (271, 1, 'http://14.103.112.11:9000/sidifensen-blog/album/1/1/14d56ca203964a3da8f47316d3f1e8d2.jpg', 1, '2025-08-15 21:35:34', '2025-08-15 21:35:36', 0);
INSERT INTO `photo` VALUES (272, 1, 'http://14.103.112.11:9000/sidifensen-blog/album/1/1/14d56ca203964a3da8f47316d3f1e8d2.jpg', 1, '2025-08-15 21:35:34', '2025-08-15 21:35:36', 0);
INSERT INTO `photo` VALUES (273, 1, 'http://14.103.112.11:9000/sidifensen-blog/album/1/1/14d56ca203964a3da8f47316d3f1e8d2.jpg', 1, '2025-08-15 21:35:34', '2025-08-15 21:35:36', 0);
INSERT INTO `photo` VALUES (274, 1, 'http://14.103.112.11:9000/sidifensen-blog/album/1/1/14d56ca203964a3da8f47316d3f1e8d2.jpg', 1, '2025-08-15 21:35:34', '2025-08-15 21:35:36', 0);
INSERT INTO `photo` VALUES (275, 1, 'http://14.103.112.11:9000/sidifensen-blog/album/1/1/14d56ca203964a3da8f47316d3f1e8d2.jpg', 1, '2025-08-15 21:35:34', '2025-08-15 21:35:36', 0);
INSERT INTO `photo` VALUES (276, 1, 'http://14.103.112.11:9000/sidifensen-blog/album/1/1/14d56ca203964a3da8f47316d3f1e8d2.jpg', 1, '2025-08-15 21:35:34', '2025-08-15 21:35:36', 0);
INSERT INTO `photo` VALUES (277, 1, 'http://14.103.112.11:9000/sidifensen-blog/album/1/1/14d56ca203964a3da8f47316d3f1e8d2.jpg', 1, '2025-08-15 21:35:34', '2025-08-15 21:35:36', 0);
INSERT INTO `photo` VALUES (278, 1, 'http://14.103.112.11:9000/sidifensen-blog/album/1/1/14d56ca203964a3da8f47316d3f1e8d2.jpg', 1, '2025-08-15 21:35:34', '2025-08-15 21:35:36', 0);
INSERT INTO `photo` VALUES (279, 1, 'http://14.103.112.11:9000/sidifensen-blog/album/1/1/14d56ca203964a3da8f47316d3f1e8d2.jpg', 1, '2025-08-15 21:35:34', '2025-08-15 21:35:36', 0);
INSERT INTO `photo` VALUES (280, 1, 'http://14.103.112.11:9000/sidifensen-blog/album/1/1/14d56ca203964a3da8f47316d3f1e8d2.jpg', 1, '2025-08-15 21:35:34', '2025-08-15 21:35:36', 0);
INSERT INTO `photo` VALUES (281, 1, 'http://14.103.112.11:9000/sidifensen-blog/album/1/1/14d56ca203964a3da8f47316d3f1e8d2.jpg', 1, '2025-08-15 21:35:34', '2025-08-15 21:35:36', 0);
INSERT INTO `photo` VALUES (282, 1, 'http://14.103.112.11:9000/sidifensen-blog/album/1/1/14d56ca203964a3da8f47316d3f1e8d2.jpg', 1, '2025-08-15 21:35:34', '2025-08-15 21:35:36', 0);
INSERT INTO `photo` VALUES (283, 1, 'http://14.103.112.11:9000/sidifensen-blog/album/1/1/14d56ca203964a3da8f47316d3f1e8d2.jpg', 1, '2025-08-15 21:35:34', '2025-08-15 21:35:36', 0);
INSERT INTO `photo` VALUES (284, 1, 'http://14.103.112.11:9000/sidifensen-blog/album/1/1/14d56ca203964a3da8f47316d3f1e8d2.jpg', 1, '2025-08-15 21:35:34', '2025-08-15 21:35:36', 0);
INSERT INTO `photo` VALUES (285, 1, 'http://14.103.112.11:9000/sidifensen-blog/album/1/1/14d56ca203964a3da8f47316d3f1e8d2.jpg', 1, '2025-08-15 21:35:34', '2025-08-15 21:35:36', 0);
INSERT INTO `photo` VALUES (286, 1, 'http://14.103.112.11:9000/sidifensen-blog/album/1/1/14d56ca203964a3da8f47316d3f1e8d2.jpg', 1, '2025-08-15 21:35:34', '2025-08-15 21:35:36', 0);
INSERT INTO `photo` VALUES (287, 1, 'http://14.103.112.11:9000/sidifensen-blog/album/1/1/14d56ca203964a3da8f47316d3f1e8d2.jpg', 1, '2025-08-15 21:35:34', '2025-08-15 21:35:36', 0);
INSERT INTO `photo` VALUES (288, 1, 'http://14.103.112.11:9000/sidifensen-blog/album/1/1/14d56ca203964a3da8f47316d3f1e8d2.jpg', 1, '2025-08-15 21:35:34', '2025-08-15 21:35:36', 0);
INSERT INTO `photo` VALUES (289, 1, 'http://14.103.112.11:9000/sidifensen-blog/album/1/1/14d56ca203964a3da8f47316d3f1e8d2.jpg', 1, '2025-08-15 21:35:34', '2025-08-15 21:35:36', 0);
INSERT INTO `photo` VALUES (290, 1, 'http://14.103.112.11:9000/sidifensen-blog/album/1/1/14d56ca203964a3da8f47316d3f1e8d2.jpg', 1, '2025-08-15 21:35:34', '2025-08-15 21:35:36', 0);
INSERT INTO `photo` VALUES (291, 1, 'http://14.103.112.11:9000/sidifensen-blog/album/1/1/14d56ca203964a3da8f47316d3f1e8d2.jpg', 1, '2025-08-15 21:35:34', '2025-08-15 21:35:36', 0);
INSERT INTO `photo` VALUES (292, 1, 'http://14.103.112.11:9000/sidifensen-blog/album/1/1/14d56ca203964a3da8f47316d3f1e8d2.jpg', 1, '2025-08-15 21:35:34', '2025-08-15 21:35:36', 0);
INSERT INTO `photo` VALUES (293, 1, 'http://14.103.112.11:9000/sidifensen-blog/album/1/1/14d56ca203964a3da8f47316d3f1e8d2.jpg', 1, '2025-08-15 21:35:34', '2025-08-15 21:35:36', 0);
INSERT INTO `photo` VALUES (294, 1, 'http://14.103.112.11:9000/sidifensen-blog/album/1/1/14d56ca203964a3da8f47316d3f1e8d2.jpg', 1, '2025-08-15 21:35:34', '2025-08-15 21:35:36', 0);
INSERT INTO `photo` VALUES (295, 1, 'http://14.103.112.11:9000/sidifensen-blog/album/1/1/14d56ca203964a3da8f47316d3f1e8d2.jpg', 1, '2025-08-15 21:35:34', '2025-08-15 21:35:36', 0);
INSERT INTO `photo` VALUES (296, 1, 'http://14.103.112.11:9000/sidifensen-blog/album/1/1/14d56ca203964a3da8f47316d3f1e8d2.jpg', 1, '2025-08-15 21:35:34', '2025-08-15 21:35:36', 0);
INSERT INTO `photo` VALUES (297, 1, 'http://14.103.112.11:9000/sidifensen-blog/album/1/1/14d56ca203964a3da8f47316d3f1e8d2.jpg', 1, '2025-08-15 21:35:34', '2025-08-15 21:35:36', 0);
INSERT INTO `photo` VALUES (298, 1, 'http://14.103.112.11:9000/sidifensen-blog/album/1/1/14d56ca203964a3da8f47316d3f1e8d2.jpg', 1, '2025-08-15 21:35:34', '2025-08-15 21:35:36', 0);
INSERT INTO `photo` VALUES (299, 1, 'http://14.103.112.11:9000/sidifensen-blog/album/1/1/14d56ca203964a3da8f47316d3f1e8d2.jpg', 1, '2025-08-15 21:35:34', '2025-08-15 21:35:36', 0);
INSERT INTO `photo` VALUES (300, 1, 'http://14.103.112.11:9000/sidifensen-blog/album/1/1/14d56ca203964a3da8f47316d3f1e8d2.jpg', 1, '2025-08-15 21:35:34', '2025-08-15 21:35:36', 0);
INSERT INTO `photo` VALUES (301, 1, 'http://14.103.112.11:9000/sidifensen-blog/album/1/1/14d56ca203964a3da8f47316d3f1e8d2.jpg', 1, '2025-08-15 21:35:34', '2025-08-15 21:35:36', 0);
INSERT INTO `photo` VALUES (302, 1, 'http://14.103.112.11:9000/sidifensen-blog/album/1/1/14d56ca203964a3da8f47316d3f1e8d2.jpg', 1, '2025-08-15 21:35:34', '2025-08-15 21:35:36', 0);
INSERT INTO `photo` VALUES (303, 1, 'http://14.103.112.11:9000/sidifensen-blog/album/1/1/14d56ca203964a3da8f47316d3f1e8d2.jpg', 1, '2025-08-15 21:35:34', '2025-08-15 21:35:36', 0);
INSERT INTO `photo` VALUES (304, 1, 'http://14.103.112.11:9000/sidifensen-blog/album/1/1/14d56ca203964a3da8f47316d3f1e8d2.jpg', 1, '2025-08-15 21:35:34', '2025-08-15 21:35:36', 0);
INSERT INTO `photo` VALUES (305, 1, 'http://14.103.112.11:9000/sidifensen-blog/album/1/1/14d56ca203964a3da8f47316d3f1e8d2.jpg', 1, '2025-08-15 21:35:34', '2025-08-15 21:35:36', 0);
INSERT INTO `photo` VALUES (306, 1, 'http://14.103.112.11:9000/sidifensen-blog/album/1/1/14d56ca203964a3da8f47316d3f1e8d2.jpg', 1, '2025-08-15 21:35:34', '2025-08-15 21:35:36', 0);
INSERT INTO `photo` VALUES (307, 1, 'http://14.103.112.11:9000/sidifensen-blog/album/1/1/14d56ca203964a3da8f47316d3f1e8d2.jpg', 1, '2025-08-15 21:35:34', '2025-08-15 21:35:36', 0);
INSERT INTO `photo` VALUES (308, 1, 'http://14.103.112.11:9000/sidifensen-blog/album/1/1/14d56ca203964a3da8f47316d3f1e8d2.jpg', 1, '2025-08-15 21:35:34', '2025-08-15 21:35:36', 0);
INSERT INTO `photo` VALUES (309, 1, 'http://14.103.112.11:9000/sidifensen-blog/album/1/1/14d56ca203964a3da8f47316d3f1e8d2.jpg', 1, '2025-08-15 21:35:34', '2025-08-15 21:35:36', 0);
INSERT INTO `photo` VALUES (310, 1, 'http://14.103.112.11:9000/sidifensen-blog/album/1/1/14d56ca203964a3da8f47316d3f1e8d2.jpg', 1, '2025-08-15 21:35:34', '2025-08-15 21:35:36', 0);
INSERT INTO `photo` VALUES (311, 1, 'http://14.103.112.11:9000/sidifensen-blog/album/1/1/14d56ca203964a3da8f47316d3f1e8d2.jpg', 1, '2025-08-15 21:35:34', '2025-08-15 21:35:36', 0);
INSERT INTO `photo` VALUES (312, 1, 'http://14.103.112.11:9000/sidifensen-blog/album/1/1/14d56ca203964a3da8f47316d3f1e8d2.jpg', 1, '2025-08-15 21:35:34', '2025-08-15 21:35:36', 0);
INSERT INTO `photo` VALUES (313, 1, 'http://14.103.112.11:9000/sidifensen-blog/album/1/1/14d56ca203964a3da8f47316d3f1e8d2.jpg', 1, '2025-08-15 21:35:34', '2025-08-15 21:35:36', 0);
INSERT INTO `photo` VALUES (314, 1, 'http://14.103.112.11:9000/sidifensen-blog/album/1/1/14d56ca203964a3da8f47316d3f1e8d2.jpg', 1, '2025-08-15 21:35:34', '2025-08-15 21:35:36', 0);
INSERT INTO `photo` VALUES (315, 1, 'http://14.103.112.11:9000/sidifensen-blog/album/1/1/14d56ca203964a3da8f47316d3f1e8d2.jpg', 1, '2025-08-15 21:35:34', '2025-08-15 21:35:36', 0);
INSERT INTO `photo` VALUES (316, 1, 'http://14.103.112.11:9000/sidifensen-blog/album/1/1/14d56ca203964a3da8f47316d3f1e8d2.jpg', 1, '2025-08-15 21:35:34', '2025-08-15 21:35:36', 0);
INSERT INTO `photo` VALUES (317, 1, 'http://14.103.112.11:9000/sidifensen-blog/album/1/1/14d56ca203964a3da8f47316d3f1e8d2.jpg', 1, '2025-08-15 21:35:34', '2025-08-15 21:35:36', 0);
INSERT INTO `photo` VALUES (318, 1, 'http://14.103.112.11:9000/sidifensen-blog/album/1/1/14d56ca203964a3da8f47316d3f1e8d2.jpg', 1, '2025-08-15 21:35:34', '2025-08-15 21:35:36', 0);
INSERT INTO `photo` VALUES (319, 1, 'http://14.103.112.11:9000/sidifensen-blog/album/1/1/14d56ca203964a3da8f47316d3f1e8d2.jpg', 1, '2025-08-15 21:35:34', '2025-08-15 21:35:36', 0);
INSERT INTO `photo` VALUES (320, 1, 'http://14.103.112.11:9000/sidifensen-blog/album/1/1/14d56ca203964a3da8f47316d3f1e8d2.jpg', 1, '2025-08-15 21:35:34', '2025-08-15 21:35:36', 0);
INSERT INTO `photo` VALUES (321, 1, 'http://14.103.112.11:9000/sidifensen-blog/album/1/1/14d56ca203964a3da8f47316d3f1e8d2.jpg', 1, '2025-08-15 21:35:34', '2025-08-15 21:35:36', 0);
INSERT INTO `photo` VALUES (322, 1, 'http://14.103.112.11:9000/sidifensen-blog/album/1/1/14d56ca203964a3da8f47316d3f1e8d2.jpg', 1, '2025-08-15 21:35:34', '2025-08-15 21:35:36', 0);
INSERT INTO `photo` VALUES (323, 1, 'http://14.103.112.11:9000/sidifensen-blog/album/1/1/14d56ca203964a3da8f47316d3f1e8d2.jpg', 1, '2025-08-15 21:35:34', '2025-08-15 21:35:36', 0);
INSERT INTO `photo` VALUES (324, 1, 'http://14.103.112.11:9000/sidifensen-blog/album/1/1/14d56ca203964a3da8f47316d3f1e8d2.jpg', 1, '2025-08-15 21:35:34', '2025-08-15 21:35:36', 0);
INSERT INTO `photo` VALUES (325, 1, 'http://14.103.112.11:9000/sidifensen-blog/album/1/1/14d56ca203964a3da8f47316d3f1e8d2.jpg', 1, '2025-08-15 21:35:34', '2025-08-15 21:35:36', 0);
INSERT INTO `photo` VALUES (326, 1, 'http://14.103.112.11:9000/sidifensen-blog/album/1/1/14d56ca203964a3da8f47316d3f1e8d2.jpg', 1, '2025-08-15 21:35:34', '2025-08-15 21:35:36', 0);
INSERT INTO `photo` VALUES (327, 1, 'http://14.103.112.11:9000/sidifensen-blog/album/1/1/14d56ca203964a3da8f47316d3f1e8d2.jpg', 1, '2025-08-15 21:35:34', '2025-08-15 21:35:36', 0);
INSERT INTO `photo` VALUES (328, 1, 'http://14.103.112.11:9000/sidifensen-blog/album/1/1/14d56ca203964a3da8f47316d3f1e8d2.jpg', 1, '2025-08-15 21:35:34', '2025-08-15 21:35:36', 0);
INSERT INTO `photo` VALUES (329, 1, 'http://14.103.112.11:9000/sidifensen-blog/album/1/1/14d56ca203964a3da8f47316d3f1e8d2.jpg', 1, '2025-08-15 21:35:34', '2025-08-15 21:35:36', 0);
INSERT INTO `photo` VALUES (330, 1, 'http://14.103.112.11:9000/sidifensen-blog/album/1/1/14d56ca203964a3da8f47316d3f1e8d2.jpg', 1, '2025-08-15 21:35:34', '2025-08-15 21:35:36', 0);
INSERT INTO `photo` VALUES (331, 1, 'http://14.103.112.11:9000/sidifensen-blog/album/1/1/14d56ca203964a3da8f47316d3f1e8d2.jpg', 1, '2025-08-15 21:35:34', '2025-08-15 21:35:36', 0);
INSERT INTO `photo` VALUES (332, 1, 'http://14.103.112.11:9000/sidifensen-blog/album/1/1/14d56ca203964a3da8f47316d3f1e8d2.jpg', 1, '2025-08-15 21:35:34', '2025-08-15 21:35:36', 0);
INSERT INTO `photo` VALUES (333, 1, 'http://14.103.112.11:9000/sidifensen-blog/album/1/1/14d56ca203964a3da8f47316d3f1e8d2.jpg', 1, '2025-08-15 21:35:34', '2025-08-15 21:35:36', 0);
INSERT INTO `photo` VALUES (334, 1, 'http://14.103.112.11:9000/sidifensen-blog/album/1/1/14d56ca203964a3da8f47316d3f1e8d2.jpg', 1, '2025-08-15 21:35:34', '2025-08-15 21:35:36', 0);
INSERT INTO `photo` VALUES (335, 1, 'http://14.103.112.11:9000/sidifensen-blog/album/1/1/14d56ca203964a3da8f47316d3f1e8d2.jpg', 1, '2025-08-15 21:35:34', '2025-08-15 21:35:36', 0);
INSERT INTO `photo` VALUES (336, 1, 'http://14.103.112.11:9000/sidifensen-blog/album/1/1/14d56ca203964a3da8f47316d3f1e8d2.jpg', 1, '2025-08-15 21:35:34', '2025-08-15 21:35:36', 0);
INSERT INTO `photo` VALUES (337, 1, 'http://14.103.112.11:9000/sidifensen-blog/album/1/1/14d56ca203964a3da8f47316d3f1e8d2.jpg', 1, '2025-08-15 21:35:34', '2025-08-15 21:35:36', 0);
INSERT INTO `photo` VALUES (338, 1, 'http://14.103.112.11:9000/sidifensen-blog/album/1/1/14d56ca203964a3da8f47316d3f1e8d2.jpg', 1, '2025-08-15 21:35:34', '2025-08-15 21:35:36', 0);
INSERT INTO `photo` VALUES (339, 1, 'http://14.103.112.11:9000/sidifensen-blog/album/1/1/14d56ca203964a3da8f47316d3f1e8d2.jpg', 1, '2025-08-15 21:35:34', '2025-08-15 21:35:36', 0);
INSERT INTO `photo` VALUES (340, 1, 'http://14.103.112.11:9000/sidifensen-blog/album/1/1/14d56ca203964a3da8f47316d3f1e8d2.jpg', 1, '2025-08-15 21:35:34', '2025-08-15 21:35:36', 0);
INSERT INTO `photo` VALUES (341, 1, 'http://14.103.112.11:9000/sidifensen-blog/album/1/1/14d56ca203964a3da8f47316d3f1e8d2.jpg', 1, '2025-08-15 21:35:34', '2025-08-15 21:35:36', 0);
INSERT INTO `photo` VALUES (342, 1, 'http://14.103.112.11:9000/sidifensen-blog/album/1/1/14d56ca203964a3da8f47316d3f1e8d2.jpg', 1, '2025-08-15 21:35:34', '2025-08-15 21:35:36', 0);
INSERT INTO `photo` VALUES (343, 1, 'http://14.103.112.11:9000/sidifensen-blog/album/1/1/14d56ca203964a3da8f47316d3f1e8d2.jpg', 1, '2025-08-15 21:35:34', '2025-08-15 21:35:36', 0);
INSERT INTO `photo` VALUES (344, 1, 'http://14.103.112.11:9000/sidifensen-blog/album/1/1/14d56ca203964a3da8f47316d3f1e8d2.jpg', 1, '2025-08-15 21:35:34', '2025-08-15 21:35:36', 0);
INSERT INTO `photo` VALUES (345, 1, 'http://14.103.112.11:9000/sidifensen-blog/album/1/1/14d56ca203964a3da8f47316d3f1e8d2.jpg', 1, '2025-08-15 21:35:34', '2025-08-15 21:35:36', 0);
INSERT INTO `photo` VALUES (346, 1, 'http://14.103.112.11:9000/sidifensen-blog/album/1/1/14d56ca203964a3da8f47316d3f1e8d2.jpg', 1, '2025-08-15 21:35:34', '2025-08-15 21:35:36', 0);
INSERT INTO `photo` VALUES (347, 1, 'http://14.103.112.11:9000/sidifensen-blog/album/1/1/14d56ca203964a3da8f47316d3f1e8d2.jpg', 1, '2025-08-15 21:35:34', '2025-08-15 21:35:36', 0);
INSERT INTO `photo` VALUES (348, 1, 'http://14.103.112.11:9000/sidifensen-blog/album/1/1/14d56ca203964a3da8f47316d3f1e8d2.jpg', 1, '2025-08-15 21:35:34', '2025-08-15 21:35:36', 0);
INSERT INTO `photo` VALUES (349, 1, 'http://14.103.112.11:9000/sidifensen-blog/album/1/1/14d56ca203964a3da8f47316d3f1e8d2.jpg', 1, '2025-08-15 21:35:34', '2025-08-15 21:35:36', 0);
INSERT INTO `photo` VALUES (350, 1, 'http://14.103.112.11:9000/sidifensen-blog/album/1/1/14d56ca203964a3da8f47316d3f1e8d2.jpg', 1, '2025-08-15 21:35:34', '2025-08-15 21:35:36', 0);
INSERT INTO `photo` VALUES (351, 1, 'http://14.103.112.11:9000/sidifensen-blog/album/1/1/14d56ca203964a3da8f47316d3f1e8d2.jpg', 1, '2025-08-15 21:35:34', '2025-08-15 21:35:36', 0);
INSERT INTO `photo` VALUES (352, 1, 'http://14.103.112.11:9000/sidifensen-blog/album/1/1/14d56ca203964a3da8f47316d3f1e8d2.jpg', 1, '2025-08-15 21:35:34', '2025-08-15 21:35:36', 0);
INSERT INTO `photo` VALUES (353, 1, 'http://14.103.112.11:9000/sidifensen-blog/album/1/1/14d56ca203964a3da8f47316d3f1e8d2.jpg', 1, '2025-08-15 21:35:34', '2025-08-15 21:35:36', 0);
INSERT INTO `photo` VALUES (354, 1, 'http://14.103.112.11:9000/sidifensen-blog/album/1/1/14d56ca203964a3da8f47316d3f1e8d2.jpg', 1, '2025-08-15 21:35:34', '2025-08-15 21:35:36', 0);
INSERT INTO `photo` VALUES (355, 1, 'http://14.103.112.11:9000/sidifensen-blog/album/1/1/14d56ca203964a3da8f47316d3f1e8d2.jpg', 1, '2025-08-15 21:35:34', '2025-08-15 21:35:36', 0);
INSERT INTO `photo` VALUES (356, 1, 'http://14.103.112.11:9000/sidifensen-blog/album/1/1/14d56ca203964a3da8f47316d3f1e8d2.jpg', 1, '2025-08-15 21:35:34', '2025-08-15 21:35:36', 0);
INSERT INTO `photo` VALUES (357, 1, 'http://14.103.112.11:9000/sidifensen-blog/album/1/1/14d56ca203964a3da8f47316d3f1e8d2.jpg', 1, '2025-08-15 21:35:34', '2025-08-15 21:35:36', 0);
INSERT INTO `photo` VALUES (358, 1, 'http://14.103.112.11:9000/sidifensen-blog/album/1/1/14d56ca203964a3da8f47316d3f1e8d2.jpg', 1, '2025-08-15 21:35:34', '2025-08-15 21:35:36', 0);
INSERT INTO `photo` VALUES (359, 1, 'http://14.103.112.11:9000/sidifensen-blog/album/1/1/14d56ca203964a3da8f47316d3f1e8d2.jpg', 1, '2025-08-15 21:35:34', '2025-08-15 21:35:36', 0);
INSERT INTO `photo` VALUES (360, 1, 'http://14.103.112.11:9000/sidifensen-blog/album/1/1/14d56ca203964a3da8f47316d3f1e8d2.jpg', 1, '2025-08-15 21:35:34', '2025-08-15 21:35:36', 0);
INSERT INTO `photo` VALUES (361, 1, 'http://14.103.112.11:9000/sidifensen-blog/album/1/1/14d56ca203964a3da8f47316d3f1e8d2.jpg', 1, '2025-08-15 21:35:34', '2025-08-15 21:35:36', 0);
INSERT INTO `photo` VALUES (362, 1, 'http://14.103.112.11:9000/sidifensen-blog/album/1/1/14d56ca203964a3da8f47316d3f1e8d2.jpg', 1, '2025-08-15 21:35:34', '2025-08-15 21:35:36', 0);
INSERT INTO `photo` VALUES (363, 1, 'http://14.103.112.11:9000/sidifensen-blog/album/1/1/14d56ca203964a3da8f47316d3f1e8d2.jpg', 1, '2025-08-15 21:35:34', '2025-08-15 21:35:36', 0);
INSERT INTO `photo` VALUES (364, 1, 'http://14.103.112.11:9000/sidifensen-blog/album/1/1/14d56ca203964a3da8f47316d3f1e8d2.jpg', 1, '2025-08-15 21:35:34', '2025-08-15 21:35:36', 0);
INSERT INTO `photo` VALUES (365, 1, 'http://14.103.112.11:9000/sidifensen-blog/album/1/1/14d56ca203964a3da8f47316d3f1e8d2.jpg', 1, '2025-08-15 21:35:34', '2025-08-15 21:35:36', 0);
INSERT INTO `photo` VALUES (366, 1, 'http://14.103.112.11:9000/sidifensen-blog/album/1/1/14d56ca203964a3da8f47316d3f1e8d2.jpg', 1, '2025-08-15 21:35:34', '2025-08-15 21:35:36', 0);
INSERT INTO `photo` VALUES (367, 1, 'http://14.103.112.11:9000/sidifensen-blog/album/1/1/14d56ca203964a3da8f47316d3f1e8d2.jpg', 1, '2025-08-15 21:35:34', '2025-08-15 21:35:36', 0);
INSERT INTO `photo` VALUES (368, 1, 'http://14.103.112.11:9000/sidifensen-blog/album/1/1/14d56ca203964a3da8f47316d3f1e8d2.jpg', 1, '2025-08-15 21:35:34', '2025-08-15 21:35:36', 0);
INSERT INTO `photo` VALUES (369, 1, 'http://14.103.112.11:9000/sidifensen-blog/album/1/1/14d56ca203964a3da8f47316d3f1e8d2.jpg', 1, '2025-08-15 21:35:34', '2025-08-15 21:35:36', 0);
INSERT INTO `photo` VALUES (370, 1, 'http://14.103.112.11:9000/sidifensen-blog/album/1/1/14d56ca203964a3da8f47316d3f1e8d2.jpg', 1, '2025-08-15 21:35:34', '2025-08-15 21:35:36', 0);
INSERT INTO `photo` VALUES (371, 1, 'http://14.103.112.11:9000/sidifensen-blog/album/1/1/14d56ca203964a3da8f47316d3f1e8d2.jpg', 1, '2025-08-15 21:35:34', '2025-08-15 21:35:36', 0);
INSERT INTO `photo` VALUES (372, 1, 'http://14.103.112.11:9000/sidifensen-blog/album/1/1/14d56ca203964a3da8f47316d3f1e8d2.jpg', 1, '2025-08-15 21:35:34', '2025-08-15 21:35:36', 0);
INSERT INTO `photo` VALUES (373, 1, 'http://14.103.112.11:9000/sidifensen-blog/album/1/1/14d56ca203964a3da8f47316d3f1e8d2.jpg', 1, '2025-08-15 21:35:34', '2025-08-15 21:35:36', 0);
INSERT INTO `photo` VALUES (374, 1, 'http://14.103.112.11:9000/sidifensen-blog/album/1/1/14d56ca203964a3da8f47316d3f1e8d2.jpg', 1, '2025-08-15 21:35:34', '2025-08-15 21:35:36', 0);
INSERT INTO `photo` VALUES (375, 1, 'http://14.103.112.11:9000/sidifensen-blog/album/1/1/14d56ca203964a3da8f47316d3f1e8d2.jpg', 1, '2025-08-15 21:35:34', '2025-08-15 21:35:36', 0);
INSERT INTO `photo` VALUES (376, 1, 'http://14.103.112.11:9000/sidifensen-blog/album/1/1/14d56ca203964a3da8f47316d3f1e8d2.jpg', 1, '2025-08-15 21:35:34', '2025-08-15 21:35:36', 0);
INSERT INTO `photo` VALUES (377, 1, 'http://14.103.112.11:9000/sidifensen-blog/album/1/1/14d56ca203964a3da8f47316d3f1e8d2.jpg', 1, '2025-08-15 21:35:34', '2025-08-15 21:35:36', 0);
INSERT INTO `photo` VALUES (378, 1, 'http://14.103.112.11:9000/sidifensen-blog/album/1/1/14d56ca203964a3da8f47316d3f1e8d2.jpg', 1, '2025-08-15 21:35:34', '2025-08-15 21:35:36', 0);
INSERT INTO `photo` VALUES (379, 1, 'http://14.103.112.11:9000/sidifensen-blog/album/1/1/14d56ca203964a3da8f47316d3f1e8d2.jpg', 1, '2025-08-15 21:35:34', '2025-08-15 21:35:36', 0);
INSERT INTO `photo` VALUES (380, 1, 'http://14.103.112.11:9000/sidifensen-blog/album/1/1/14d56ca203964a3da8f47316d3f1e8d2.jpg', 1, '2025-08-15 21:35:34', '2025-08-15 21:35:36', 0);
INSERT INTO `photo` VALUES (381, 1, 'http://14.103.112.11:9000/sidifensen-blog/album/1/1/14d56ca203964a3da8f47316d3f1e8d2.jpg', 1, '2025-08-15 21:35:34', '2025-08-15 21:35:36', 0);
INSERT INTO `photo` VALUES (382, 1, 'http://14.103.112.11:9000/sidifensen-blog/album/1/1/14d56ca203964a3da8f47316d3f1e8d2.jpg', 1, '2025-08-15 21:35:34', '2025-08-15 21:35:36', 0);
INSERT INTO `photo` VALUES (383, 1, 'http://14.103.112.11:9000/sidifensen-blog/album/1/1/14d56ca203964a3da8f47316d3f1e8d2.jpg', 1, '2025-08-15 21:35:34', '2025-08-15 21:35:36', 0);
INSERT INTO `photo` VALUES (384, 1, 'http://14.103.112.11:9000/sidifensen-blog/album/1/1/14d56ca203964a3da8f47316d3f1e8d2.jpg', 1, '2025-08-15 21:35:34', '2025-08-15 21:35:36', 0);
INSERT INTO `photo` VALUES (385, 1, 'http://14.103.112.11:9000/sidifensen-blog/album/1/1/14d56ca203964a3da8f47316d3f1e8d2.jpg', 1, '2025-08-15 21:35:34', '2025-08-15 21:35:36', 0);
INSERT INTO `photo` VALUES (386, 1, 'http://14.103.112.11:9000/sidifensen-blog/album/1/1/14d56ca203964a3da8f47316d3f1e8d2.jpg', 1, '2025-08-15 21:35:34', '2025-08-15 21:35:36', 0);
INSERT INTO `photo` VALUES (387, 1, 'http://14.103.112.11:9000/sidifensen-blog/album/1/1/14d56ca203964a3da8f47316d3f1e8d2.jpg', 1, '2025-08-15 21:35:34', '2025-08-15 21:35:36', 0);
INSERT INTO `photo` VALUES (388, 1, 'http://14.103.112.11:9000/sidifensen-blog/album/1/1/14d56ca203964a3da8f47316d3f1e8d2.jpg', 1, '2025-08-15 21:35:34', '2025-08-15 21:35:36', 0);
INSERT INTO `photo` VALUES (389, 1, 'http://14.103.112.11:9000/sidifensen-blog/album/1/1/14d56ca203964a3da8f47316d3f1e8d2.jpg', 1, '2025-08-15 21:35:34', '2025-08-15 21:35:36', 0);
INSERT INTO `photo` VALUES (390, 1, 'http://14.103.112.11:9000/sidifensen-blog/album/1/1/14d56ca203964a3da8f47316d3f1e8d2.jpg', 1, '2025-08-15 21:35:34', '2025-08-15 21:35:36', 0);
INSERT INTO `photo` VALUES (391, 1, 'http://14.103.112.11:9000/sidifensen-blog/album/1/1/14d56ca203964a3da8f47316d3f1e8d2.jpg', 1, '2025-08-15 21:35:34', '2025-08-15 21:35:36', 0);
INSERT INTO `photo` VALUES (392, 1, 'http://14.103.112.11:9000/sidifensen-blog/album/1/1/14d56ca203964a3da8f47316d3f1e8d2.jpg', 1, '2025-08-15 21:35:34', '2025-08-15 21:35:36', 0);
INSERT INTO `photo` VALUES (393, 1, 'http://14.103.112.11:9000/sidifensen-blog/album/1/1/14d56ca203964a3da8f47316d3f1e8d2.jpg', 1, '2025-08-15 21:35:34', '2025-08-15 21:35:36', 0);
INSERT INTO `photo` VALUES (394, 1, 'http://14.103.112.11:9000/sidifensen-blog/album/1/1/14d56ca203964a3da8f47316d3f1e8d2.jpg', 1, '2025-08-15 21:35:34', '2025-08-15 21:35:36', 0);
INSERT INTO `photo` VALUES (395, 1, 'http://14.103.112.11:9000/sidifensen-blog/album/1/1/14d56ca203964a3da8f47316d3f1e8d2.jpg', 1, '2025-08-15 21:35:34', '2025-08-15 21:35:36', 0);
INSERT INTO `photo` VALUES (396, 1, 'http://14.103.112.11:9000/sidifensen-blog/album/1/1/14d56ca203964a3da8f47316d3f1e8d2.jpg', 1, '2025-08-15 21:35:34', '2025-08-15 21:35:36', 0);
INSERT INTO `photo` VALUES (397, 1, 'http://14.103.112.11:9000/sidifensen-blog/album/1/1/14d56ca203964a3da8f47316d3f1e8d2.jpg', 1, '2025-08-15 21:35:34', '2025-08-15 21:35:36', 0);
INSERT INTO `photo` VALUES (398, 1, 'http://14.103.112.11:9000/sidifensen-blog/album/1/1/14d56ca203964a3da8f47316d3f1e8d2.jpg', 1, '2025-08-15 21:35:34', '2025-08-15 21:35:36', 0);
INSERT INTO `photo` VALUES (399, 1, 'http://14.103.112.11:9000/sidifensen-blog/album/1/1/14d56ca203964a3da8f47316d3f1e8d2.jpg', 1, '2025-08-15 21:35:34', '2025-08-15 21:35:36', 0);
INSERT INTO `photo` VALUES (400, 1, 'http://14.103.112.11:9000/sidifensen-blog/album/1/1/14d56ca203964a3da8f47316d3f1e8d2.jpg', 1, '2025-08-15 21:35:34', '2025-08-15 21:35:36', 0);
INSERT INTO `photo` VALUES (401, 1, 'http://14.103.112.11:9000/sidifensen-blog/album/1/1/14d56ca203964a3da8f47316d3f1e8d2.jpg', 1, '2025-08-15 21:35:34', '2025-08-15 21:35:36', 0);
INSERT INTO `photo` VALUES (402, 1, 'http://14.103.112.11:9000/sidifensen-blog/album/1/1/14d56ca203964a3da8f47316d3f1e8d2.jpg', 1, '2025-08-15 21:35:34', '2025-08-15 21:35:36', 0);
INSERT INTO `photo` VALUES (403, 1, 'http://14.103.112.11:9000/sidifensen-blog/album/1/1/14d56ca203964a3da8f47316d3f1e8d2.jpg', 1, '2025-08-15 21:35:34', '2025-08-15 21:35:36', 0);
INSERT INTO `photo` VALUES (404, 1, 'http://14.103.112.11:9000/sidifensen-blog/album/1/1/14d56ca203964a3da8f47316d3f1e8d2.jpg', 1, '2025-08-15 21:35:34', '2025-08-15 21:35:36', 0);
INSERT INTO `photo` VALUES (405, 1, 'http://14.103.112.11:9000/sidifensen-blog/album/1/1/14d56ca203964a3da8f47316d3f1e8d2.jpg', 1, '2025-08-15 21:35:34', '2025-08-15 21:35:36', 0);
INSERT INTO `photo` VALUES (406, 1, 'http://14.103.112.11:9000/sidifensen-blog/album/1/1/14d56ca203964a3da8f47316d3f1e8d2.jpg', 1, '2025-08-15 21:35:34', '2025-08-15 21:35:36', 0);
INSERT INTO `photo` VALUES (407, 1, 'http://14.103.112.11:9000/sidifensen-blog/album/1/1/14d56ca203964a3da8f47316d3f1e8d2.jpg', 1, '2025-08-15 21:35:34', '2025-08-15 21:35:36', 0);
INSERT INTO `photo` VALUES (408, 1, 'http://14.103.112.11:9000/sidifensen-blog/album/1/1/14d56ca203964a3da8f47316d3f1e8d2.jpg', 1, '2025-08-15 21:35:34', '2025-08-15 21:35:36', 0);
INSERT INTO `photo` VALUES (409, 1, 'http://14.103.112.11:9000/sidifensen-blog/album/1/1/14d56ca203964a3da8f47316d3f1e8d2.jpg', 1, '2025-08-15 21:35:34', '2025-08-15 21:35:36', 0);
INSERT INTO `photo` VALUES (410, 1, 'http://14.103.112.11:9000/sidifensen-blog/album/1/1/14d56ca203964a3da8f47316d3f1e8d2.jpg', 1, '2025-08-15 21:35:34', '2025-08-15 21:35:36', 0);
INSERT INTO `photo` VALUES (411, 1, 'http://14.103.112.11:9000/sidifensen-blog/album/1/1/14d56ca203964a3da8f47316d3f1e8d2.jpg', 1, '2025-08-15 21:35:34', '2025-08-15 21:35:36', 0);
INSERT INTO `photo` VALUES (412, 1, 'http://14.103.112.11:9000/sidifensen-blog/album/1/1/14d56ca203964a3da8f47316d3f1e8d2.jpg', 1, '2025-08-15 21:35:34', '2025-08-15 21:35:36', 0);
INSERT INTO `photo` VALUES (413, 1, 'http://14.103.112.11:9000/sidifensen-blog/album/1/1/14d56ca203964a3da8f47316d3f1e8d2.jpg', 1, '2025-08-15 21:35:34', '2025-08-15 21:35:36', 0);
INSERT INTO `photo` VALUES (414, 1, 'http://14.103.112.11:9000/sidifensen-blog/album/1/1/14d56ca203964a3da8f47316d3f1e8d2.jpg', 1, '2025-08-15 21:35:34', '2025-08-15 21:35:36', 0);
INSERT INTO `photo` VALUES (415, 1, 'http://14.103.112.11:9000/sidifensen-blog/album/1/1/14d56ca203964a3da8f47316d3f1e8d2.jpg', 1, '2025-08-15 21:35:34', '2025-08-15 21:35:36', 0);
INSERT INTO `photo` VALUES (416, 1, 'http://14.103.112.11:9000/sidifensen-blog/album/1/1/14d56ca203964a3da8f47316d3f1e8d2.jpg', 1, '2025-08-15 21:35:34', '2025-08-15 21:35:36', 0);
INSERT INTO `photo` VALUES (417, 1, 'http://14.103.112.11:9000/sidifensen-blog/album/1/1/14d56ca203964a3da8f47316d3f1e8d2.jpg', 1, '2025-08-15 21:35:34', '2025-08-15 21:35:36', 0);
INSERT INTO `photo` VALUES (418, 1, 'http://14.103.112.11:9000/sidifensen-blog/album/1/1/14d56ca203964a3da8f47316d3f1e8d2.jpg', 1, '2025-08-15 21:35:34', '2025-08-15 21:35:36', 0);
INSERT INTO `photo` VALUES (419, 1, 'http://14.103.112.11:9000/sidifensen-blog/album/1/1/14d56ca203964a3da8f47316d3f1e8d2.jpg', 1, '2025-08-15 21:35:34', '2025-08-15 21:35:36', 0);
INSERT INTO `photo` VALUES (420, 1, 'http://14.103.112.11:9000/sidifensen-blog/album/1/1/14d56ca203964a3da8f47316d3f1e8d2.jpg', 1, '2025-08-15 21:35:34', '2025-08-15 21:35:36', 0);
INSERT INTO `photo` VALUES (421, 1, 'http://14.103.112.11:9000/sidifensen-blog/album/1/1/14d56ca203964a3da8f47316d3f1e8d2.jpg', 1, '2025-08-15 21:35:34', '2025-08-15 21:35:36', 0);
INSERT INTO `photo` VALUES (422, 1, 'http://14.103.112.11:9000/sidifensen-blog/album/1/1/14d56ca203964a3da8f47316d3f1e8d2.jpg', 1, '2025-08-15 21:35:34', '2025-08-15 21:35:36', 0);
INSERT INTO `photo` VALUES (423, 1, 'http://14.103.112.11:9000/sidifensen-blog/album/1/1/14d56ca203964a3da8f47316d3f1e8d2.jpg', 1, '2025-08-15 21:35:34', '2025-08-15 21:35:36', 0);
INSERT INTO `photo` VALUES (424, 1, 'http://14.103.112.11:9000/sidifensen-blog/album/1/1/14d56ca203964a3da8f47316d3f1e8d2.jpg', 1, '2025-08-15 21:35:34', '2025-08-15 21:35:36', 0);
INSERT INTO `photo` VALUES (425, 1, 'http://14.103.112.11:9000/sidifensen-blog/album/1/1/14d56ca203964a3da8f47316d3f1e8d2.jpg', 1, '2025-08-15 21:35:34', '2025-08-15 21:35:36', 0);
INSERT INTO `photo` VALUES (426, 1, 'http://14.103.112.11:9000/sidifensen-blog/album/1/1/14d56ca203964a3da8f47316d3f1e8d2.jpg', 1, '2025-08-15 21:35:34', '2025-08-15 21:35:36', 0);
INSERT INTO `photo` VALUES (427, 1, 'http://14.103.112.11:9000/sidifensen-blog/album/1/1/14d56ca203964a3da8f47316d3f1e8d2.jpg', 1, '2025-08-15 21:35:34', '2025-08-15 21:35:36', 0);
INSERT INTO `photo` VALUES (428, 1, 'http://14.103.112.11:9000/sidifensen-blog/album/1/1/14d56ca203964a3da8f47316d3f1e8d2.jpg', 1, '2025-08-15 21:35:34', '2025-08-15 21:35:36', 0);
INSERT INTO `photo` VALUES (429, 1, 'http://14.103.112.11:9000/sidifensen-blog/album/1/1/14d56ca203964a3da8f47316d3f1e8d2.jpg', 1, '2025-08-15 21:35:34', '2025-08-15 21:35:36', 0);
INSERT INTO `photo` VALUES (430, 1, 'http://14.103.112.11:9000/sidifensen-blog/album/1/1/14d56ca203964a3da8f47316d3f1e8d2.jpg', 1, '2025-08-15 21:35:34', '2025-08-15 21:35:36', 0);
INSERT INTO `photo` VALUES (431, 1, 'http://14.103.112.11:9000/sidifensen-blog/album/1/1/14d56ca203964a3da8f47316d3f1e8d2.jpg', 1, '2025-08-15 21:35:34', '2025-08-15 21:35:36', 0);
INSERT INTO `photo` VALUES (432, 1, 'http://14.103.112.11:9000/sidifensen-blog/album/1/1/14d56ca203964a3da8f47316d3f1e8d2.jpg', 1, '2025-08-15 21:35:34', '2025-08-15 21:35:36', 0);
INSERT INTO `photo` VALUES (433, 1, 'http://14.103.112.11:9000/sidifensen-blog/album/1/1/14d56ca203964a3da8f47316d3f1e8d2.jpg', 1, '2025-08-15 21:35:34', '2025-08-15 21:35:36', 0);
INSERT INTO `photo` VALUES (434, 1, 'http://14.103.112.11:9000/sidifensen-blog/album/1/1/14d56ca203964a3da8f47316d3f1e8d2.jpg', 1, '2025-08-15 21:35:34', '2025-08-15 21:35:36', 0);
INSERT INTO `photo` VALUES (435, 1, 'http://14.103.112.11:9000/sidifensen-blog/album/1/1/14d56ca203964a3da8f47316d3f1e8d2.jpg', 1, '2025-08-15 21:35:34', '2025-08-15 21:35:36', 0);
INSERT INTO `photo` VALUES (436, 1, 'http://14.103.112.11:9000/sidifensen-blog/album/1/1/14d56ca203964a3da8f47316d3f1e8d2.jpg', 1, '2025-08-15 21:35:34', '2025-08-15 21:35:36', 0);
INSERT INTO `photo` VALUES (437, 1, 'http://14.103.112.11:9000/sidifensen-blog/album/1/1/14d56ca203964a3da8f47316d3f1e8d2.jpg', 1, '2025-08-15 21:35:34', '2025-08-15 21:35:36', 0);
INSERT INTO `photo` VALUES (438, 1, 'http://14.103.112.11:9000/sidifensen-blog/album/1/1/14d56ca203964a3da8f47316d3f1e8d2.jpg', 1, '2025-08-15 21:35:34', '2025-08-15 21:35:36', 0);
INSERT INTO `photo` VALUES (439, 1, 'http://14.103.112.11:9000/sidifensen-blog/album/1/1/14d56ca203964a3da8f47316d3f1e8d2.jpg', 1, '2025-08-15 21:35:34', '2025-08-15 21:35:36', 0);
INSERT INTO `photo` VALUES (440, 1, 'http://14.103.112.11:9000/sidifensen-blog/album/1/1/14d56ca203964a3da8f47316d3f1e8d2.jpg', 1, '2025-08-15 21:35:34', '2025-08-15 21:35:36', 0);
INSERT INTO `photo` VALUES (441, 1, 'http://14.103.112.11:9000/sidifensen-blog/album/1/1/14d56ca203964a3da8f47316d3f1e8d2.jpg', 1, '2025-08-15 21:35:34', '2025-08-15 21:35:36', 0);
INSERT INTO `photo` VALUES (442, 1, 'http://14.103.112.11:9000/sidifensen-blog/album/1/1/14d56ca203964a3da8f47316d3f1e8d2.jpg', 1, '2025-08-15 21:35:34', '2025-08-15 21:35:36', 0);
INSERT INTO `photo` VALUES (443, 1, 'http://14.103.112.11:9000/sidifensen-blog/album/1/1/14d56ca203964a3da8f47316d3f1e8d2.jpg', 1, '2025-08-15 21:35:34', '2025-08-15 21:35:36', 0);
INSERT INTO `photo` VALUES (444, 1, 'http://14.103.112.11:9000/sidifensen-blog/album/1/1/14d56ca203964a3da8f47316d3f1e8d2.jpg', 1, '2025-08-15 21:35:34', '2025-08-15 21:35:36', 0);
INSERT INTO `photo` VALUES (445, 1, 'http://14.103.112.11:9000/sidifensen-blog/album/1/1/14d56ca203964a3da8f47316d3f1e8d2.jpg', 1, '2025-08-15 21:35:34', '2025-08-15 21:35:36', 0);
INSERT INTO `photo` VALUES (446, 1, 'http://14.103.112.11:9000/sidifensen-blog/album/1/1/14d56ca203964a3da8f47316d3f1e8d2.jpg', 1, '2025-08-15 21:35:34', '2025-08-15 21:35:36', 0);
INSERT INTO `photo` VALUES (447, 1, 'http://14.103.112.11:9000/sidifensen-blog/album/1/1/14d56ca203964a3da8f47316d3f1e8d2.jpg', 1, '2025-08-15 21:35:34', '2025-08-15 21:35:36', 0);
INSERT INTO `photo` VALUES (448, 1, 'http://14.103.112.11:9000/sidifensen-blog/album/1/1/14d56ca203964a3da8f47316d3f1e8d2.jpg', 1, '2025-08-15 21:35:34', '2025-08-15 21:35:36', 0);
INSERT INTO `photo` VALUES (449, 1, 'http://14.103.112.11:9000/sidifensen-blog/album/1/1/14d56ca203964a3da8f47316d3f1e8d2.jpg', 1, '2025-08-15 21:35:34', '2025-08-15 21:35:36', 0);
INSERT INTO `photo` VALUES (450, 1, 'http://14.103.112.11:9000/sidifensen-blog/album/1/1/14d56ca203964a3da8f47316d3f1e8d2.jpg', 1, '2025-08-15 21:35:34', '2025-08-15 21:35:36', 0);
INSERT INTO `photo` VALUES (451, 1, 'http://14.103.112.11:9000/sidifensen-blog/album/1/1/14d56ca203964a3da8f47316d3f1e8d2.jpg', 1, '2025-08-15 21:35:34', '2025-08-15 21:35:36', 0);
INSERT INTO `photo` VALUES (452, 1, 'http://14.103.112.11:9000/sidifensen-blog/album/1/1/14d56ca203964a3da8f47316d3f1e8d2.jpg', 1, '2025-08-15 21:35:34', '2025-08-15 21:35:36', 0);
INSERT INTO `photo` VALUES (453, 1, 'http://14.103.112.11:9000/sidifensen-blog/album/1/1/14d56ca203964a3da8f47316d3f1e8d2.jpg', 1, '2025-08-15 21:35:34', '2025-08-15 21:35:36', 0);
INSERT INTO `photo` VALUES (454, 1, 'http://14.103.112.11:9000/sidifensen-blog/album/1/1/14d56ca203964a3da8f47316d3f1e8d2.jpg', 1, '2025-08-15 21:35:34', '2025-08-15 21:35:36', 0);
INSERT INTO `photo` VALUES (455, 1, 'http://14.103.112.11:9000/sidifensen-blog/album/1/1/14d56ca203964a3da8f47316d3f1e8d2.jpg', 1, '2025-08-15 21:35:34', '2025-08-15 21:35:36', 0);
INSERT INTO `photo` VALUES (456, 1, 'http://14.103.112.11:9000/sidifensen-blog/album/1/1/14d56ca203964a3da8f47316d3f1e8d2.jpg', 1, '2025-08-15 21:35:34', '2025-08-15 21:35:36', 0);
INSERT INTO `photo` VALUES (457, 1, 'http://14.103.112.11:9000/sidifensen-blog/album/1/1/14d56ca203964a3da8f47316d3f1e8d2.jpg', 1, '2025-08-15 21:35:34', '2025-08-15 21:35:36', 0);
INSERT INTO `photo` VALUES (458, 1, 'http://14.103.112.11:9000/sidifensen-blog/album/1/1/14d56ca203964a3da8f47316d3f1e8d2.jpg', 1, '2025-08-15 21:35:34', '2025-08-15 21:35:36', 0);
INSERT INTO `photo` VALUES (459, 1, 'http://14.103.112.11:9000/sidifensen-blog/album/1/1/14d56ca203964a3da8f47316d3f1e8d2.jpg', 1, '2025-08-15 21:35:34', '2025-08-15 21:35:36', 0);
INSERT INTO `photo` VALUES (460, 1, 'http://14.103.112.11:9000/sidifensen-blog/album/1/1/14d56ca203964a3da8f47316d3f1e8d2.jpg', 1, '2025-08-15 21:35:34', '2025-08-15 21:35:36', 0);
INSERT INTO `photo` VALUES (461, 1, 'http://14.103.112.11:9000/sidifensen-blog/album/1/1/14d56ca203964a3da8f47316d3f1e8d2.jpg', 1, '2025-08-15 21:35:34', '2025-08-15 21:35:36', 0);
INSERT INTO `photo` VALUES (462, 1, 'http://14.103.112.11:9000/sidifensen-blog/album/1/1/14d56ca203964a3da8f47316d3f1e8d2.jpg', 1, '2025-08-15 21:35:34', '2025-08-15 21:35:36', 0);
INSERT INTO `photo` VALUES (463, 1, 'http://14.103.112.11:9000/sidifensen-blog/album/1/1/14d56ca203964a3da8f47316d3f1e8d2.jpg', 1, '2025-08-15 21:35:34', '2025-08-15 21:35:36', 0);
INSERT INTO `photo` VALUES (464, 1, 'http://14.103.112.11:9000/sidifensen-blog/album/1/1/14d56ca203964a3da8f47316d3f1e8d2.jpg', 1, '2025-08-15 21:35:34', '2025-08-15 21:35:36', 0);
INSERT INTO `photo` VALUES (465, 1, 'http://14.103.112.11:9000/sidifensen-blog/album/1/1/14d56ca203964a3da8f47316d3f1e8d2.jpg', 1, '2025-08-15 21:35:34', '2025-08-15 21:35:36', 0);
INSERT INTO `photo` VALUES (466, 1, 'http://14.103.112.11:9000/sidifensen-blog/album/1/1/14d56ca203964a3da8f47316d3f1e8d2.jpg', 1, '2025-08-15 21:35:34', '2025-08-15 21:35:36', 0);
INSERT INTO `photo` VALUES (467, 1, 'http://14.103.112.11:9000/sidifensen-blog/album/1/1/14d56ca203964a3da8f47316d3f1e8d2.jpg', 1, '2025-08-15 21:35:34', '2025-08-15 21:35:36', 0);
INSERT INTO `photo` VALUES (468, 1, 'http://14.103.112.11:9000/sidifensen-blog/album/1/1/14d56ca203964a3da8f47316d3f1e8d2.jpg', 1, '2025-08-15 21:35:34', '2025-08-15 21:35:36', 0);
INSERT INTO `photo` VALUES (469, 1, 'http://14.103.112.11:9000/sidifensen-blog/album/1/1/14d56ca203964a3da8f47316d3f1e8d2.jpg', 1, '2025-08-15 21:35:34', '2025-08-15 21:35:36', 0);
INSERT INTO `photo` VALUES (470, 1, 'http://14.103.112.11:9000/sidifensen-blog/album/1/1/14d56ca203964a3da8f47316d3f1e8d2.jpg', 1, '2025-08-15 21:35:34', '2025-08-15 21:35:36', 0);
INSERT INTO `photo` VALUES (471, 1, 'http://14.103.112.11:9000/sidifensen-blog/album/1/1/14d56ca203964a3da8f47316d3f1e8d2.jpg', 1, '2025-08-15 21:35:34', '2025-08-15 21:35:36', 0);
INSERT INTO `photo` VALUES (472, 1, 'http://14.103.112.11:9000/sidifensen-blog/album/1/1/14d56ca203964a3da8f47316d3f1e8d2.jpg', 1, '2025-08-15 21:35:34', '2025-08-15 21:35:36', 0);
INSERT INTO `photo` VALUES (473, 1, 'http://14.103.112.11:9000/sidifensen-blog/album/1/1/14d56ca203964a3da8f47316d3f1e8d2.jpg', 1, '2025-08-15 21:35:34', '2025-08-15 21:35:36', 0);
INSERT INTO `photo` VALUES (474, 1, 'http://14.103.112.11:9000/sidifensen-blog/album/1/1/14d56ca203964a3da8f47316d3f1e8d2.jpg', 1, '2025-08-15 21:35:34', '2025-08-15 21:35:36', 0);
INSERT INTO `photo` VALUES (475, 1, 'http://14.103.112.11:9000/sidifensen-blog/album/1/1/14d56ca203964a3da8f47316d3f1e8d2.jpg', 1, '2025-08-15 21:35:34', '2025-08-15 21:35:36', 0);
INSERT INTO `photo` VALUES (476, 1, 'http://14.103.112.11:9000/sidifensen-blog/album/1/1/14d56ca203964a3da8f47316d3f1e8d2.jpg', 1, '2025-08-15 21:35:34', '2025-08-15 21:35:36', 0);
INSERT INTO `photo` VALUES (477, 1, 'http://14.103.112.11:9000/sidifensen-blog/album/1/1/14d56ca203964a3da8f47316d3f1e8d2.jpg', 1, '2025-08-15 21:35:34', '2025-08-15 21:35:36', 0);
INSERT INTO `photo` VALUES (478, 1, 'http://14.103.112.11:9000/sidifensen-blog/album/1/1/14d56ca203964a3da8f47316d3f1e8d2.jpg', 1, '2025-08-15 21:35:34', '2025-08-15 21:35:36', 0);
INSERT INTO `photo` VALUES (479, 1, 'http://14.103.112.11:9000/sidifensen-blog/album/1/1/14d56ca203964a3da8f47316d3f1e8d2.jpg', 1, '2025-08-15 21:35:34', '2025-08-15 21:35:36', 0);
INSERT INTO `photo` VALUES (480, 1, 'http://14.103.112.11:9000/sidifensen-blog/album/1/1/14d56ca203964a3da8f47316d3f1e8d2.jpg', 1, '2025-08-15 21:35:34', '2025-08-15 21:35:36', 0);
INSERT INTO `photo` VALUES (481, 1, 'http://14.103.112.11:9000/sidifensen-blog/album/1/1/14d56ca203964a3da8f47316d3f1e8d2.jpg', 1, '2025-08-15 21:35:34', '2025-08-15 21:35:36', 0);
INSERT INTO `photo` VALUES (482, 1, 'http://14.103.112.11:9000/sidifensen-blog/album/1/1/14d56ca203964a3da8f47316d3f1e8d2.jpg', 1, '2025-08-15 21:35:34', '2025-08-15 21:35:36', 0);
INSERT INTO `photo` VALUES (483, 1, 'http://14.103.112.11:9000/sidifensen-blog/album/1/1/14d56ca203964a3da8f47316d3f1e8d2.jpg', 1, '2025-08-15 21:35:34', '2025-08-15 21:35:36', 0);
INSERT INTO `photo` VALUES (484, 1, 'http://14.103.112.11:9000/sidifensen-blog/album/1/1/14d56ca203964a3da8f47316d3f1e8d2.jpg', 1, '2025-08-15 21:35:34', '2025-08-15 21:35:36', 0);
INSERT INTO `photo` VALUES (485, 1, 'http://14.103.112.11:9000/sidifensen-blog/album/1/1/14d56ca203964a3da8f47316d3f1e8d2.jpg', 1, '2025-08-15 21:35:34', '2025-08-15 21:35:36', 0);
INSERT INTO `photo` VALUES (486, 1, 'http://14.103.112.11:9000/sidifensen-blog/album/1/1/14d56ca203964a3da8f47316d3f1e8d2.jpg', 1, '2025-08-15 21:35:34', '2025-08-15 21:35:36', 0);
INSERT INTO `photo` VALUES (487, 1, 'http://14.103.112.11:9000/sidifensen-blog/album/1/1/14d56ca203964a3da8f47316d3f1e8d2.jpg', 1, '2025-08-15 21:35:34', '2025-08-15 21:35:36', 0);
INSERT INTO `photo` VALUES (488, 1, 'http://14.103.112.11:9000/sidifensen-blog/album/1/1/14d56ca203964a3da8f47316d3f1e8d2.jpg', 1, '2025-08-15 21:35:34', '2025-08-15 21:35:36', 0);
INSERT INTO `photo` VALUES (489, 1, 'http://14.103.112.11:9000/sidifensen-blog/album/1/1/14d56ca203964a3da8f47316d3f1e8d2.jpg', 1, '2025-08-15 21:35:34', '2025-08-15 21:35:36', 0);
INSERT INTO `photo` VALUES (490, 1, 'http://14.103.112.11:9000/sidifensen-blog/album/1/1/14d56ca203964a3da8f47316d3f1e8d2.jpg', 1, '2025-08-15 21:35:34', '2025-08-15 21:35:36', 0);
INSERT INTO `photo` VALUES (491, 1, 'http://14.103.112.11:9000/sidifensen-blog/album/1/1/14d56ca203964a3da8f47316d3f1e8d2.jpg', 1, '2025-08-15 21:35:34', '2025-08-15 21:35:36', 0);
INSERT INTO `photo` VALUES (492, 1, 'http://14.103.112.11:9000/sidifensen-blog/album/1/1/14d56ca203964a3da8f47316d3f1e8d2.jpg', 1, '2025-08-15 21:35:34', '2025-08-15 21:35:36', 0);
INSERT INTO `photo` VALUES (493, 1, 'http://14.103.112.11:9000/sidifensen-blog/album/1/1/14d56ca203964a3da8f47316d3f1e8d2.jpg', 1, '2025-08-15 21:35:34', '2025-08-15 21:35:36', 0);
INSERT INTO `photo` VALUES (494, 1, 'http://14.103.112.11:9000/sidifensen-blog/album/1/1/14d56ca203964a3da8f47316d3f1e8d2.jpg', 1, '2025-08-15 21:35:34', '2025-08-15 21:35:36', 0);
INSERT INTO `photo` VALUES (495, 1, 'http://14.103.112.11:9000/sidifensen-blog/album/1/1/14d56ca203964a3da8f47316d3f1e8d2.jpg', 1, '2025-08-15 21:35:34', '2025-08-15 21:35:36', 0);
INSERT INTO `photo` VALUES (496, 1, 'http://14.103.112.11:9000/sidifensen-blog/album/1/1/14d56ca203964a3da8f47316d3f1e8d2.jpg', 1, '2025-08-15 21:35:34', '2025-08-15 21:35:36', 0);
INSERT INTO `photo` VALUES (497, 1, 'http://14.103.112.11:9000/sidifensen-blog/album/1/1/14d56ca203964a3da8f47316d3f1e8d2.jpg', 1, '2025-08-15 21:35:34', '2025-08-15 21:35:36', 0);
INSERT INTO `photo` VALUES (498, 1, 'http://14.103.112.11:9000/sidifensen-blog/album/1/1/14d56ca203964a3da8f47316d3f1e8d2.jpg', 1, '2025-08-15 21:35:34', '2025-08-15 21:35:36', 0);
INSERT INTO `photo` VALUES (499, 1, 'http://14.103.112.11:9000/sidifensen-blog/album/1/1/14d56ca203964a3da8f47316d3f1e8d2.jpg', 1, '2025-08-15 21:35:34', '2025-08-15 21:35:36', 0);
INSERT INTO `photo` VALUES (500, 1, 'http://14.103.112.11:9000/sidifensen-blog/album/1/1/14d56ca203964a3da8f47316d3f1e8d2.jpg', 1, '2025-08-15 21:35:34', '2025-08-15 21:35:36', 0);
INSERT INTO `photo` VALUES (501, 1, 'http://14.103.112.11:9000/sidifensen-blog/album/1/1/14d56ca203964a3da8f47316d3f1e8d2.jpg', 1, '2025-08-15 21:35:34', '2025-08-15 21:35:36', 0);
INSERT INTO `photo` VALUES (502, 1, 'http://14.103.112.11:9000/sidifensen-blog/album/1/1/14d56ca203964a3da8f47316d3f1e8d2.jpg', 1, '2025-08-15 21:35:34', '2025-08-15 21:35:36', 0);
INSERT INTO `photo` VALUES (503, 1, 'http://14.103.112.11:9000/sidifensen-blog/album/1/1/14d56ca203964a3da8f47316d3f1e8d2.jpg', 1, '2025-08-15 21:35:34', '2025-08-15 21:35:36', 0);
INSERT INTO `photo` VALUES (504, 1, 'http://14.103.112.11:9000/sidifensen-blog/album/1/1/14d56ca203964a3da8f47316d3f1e8d2.jpg', 1, '2025-08-15 21:35:34', '2025-08-15 21:35:36', 0);
INSERT INTO `photo` VALUES (505, 1, 'http://14.103.112.11:9000/sidifensen-blog/album/1/1/14d56ca203964a3da8f47316d3f1e8d2.jpg', 1, '2025-08-15 21:35:34', '2025-08-15 21:35:36', 0);
INSERT INTO `photo` VALUES (506, 1, 'http://14.103.112.11:9000/sidifensen-blog/album/1/1/14d56ca203964a3da8f47316d3f1e8d2.jpg', 1, '2025-08-15 21:35:34', '2025-08-15 21:35:36', 0);
INSERT INTO `photo` VALUES (507, 1, 'http://14.103.112.11:9000/sidifensen-blog/album/1/1/14d56ca203964a3da8f47316d3f1e8d2.jpg', 1, '2025-08-15 21:35:34', '2025-08-15 21:35:36', 0);
INSERT INTO `photo` VALUES (508, 1, 'http://14.103.112.11:9000/sidifensen-blog/album/1/1/14d56ca203964a3da8f47316d3f1e8d2.jpg', 1, '2025-08-15 21:35:34', '2025-08-15 21:35:36', 0);
INSERT INTO `photo` VALUES (509, 1, 'http://14.103.112.11:9000/sidifensen-blog/album/1/1/14d56ca203964a3da8f47316d3f1e8d2.jpg', 1, '2025-08-15 21:35:34', '2025-08-15 21:35:36', 0);
INSERT INTO `photo` VALUES (510, 1, 'http://14.103.112.11:9000/sidifensen-blog/album/1/1/14d56ca203964a3da8f47316d3f1e8d2.jpg', 1, '2025-08-15 21:35:34', '2025-08-15 21:35:36', 0);
INSERT INTO `photo` VALUES (511, 1, 'http://14.103.112.11:9000/sidifensen-blog/album/1/1/14d56ca203964a3da8f47316d3f1e8d2.jpg', 1, '2025-08-15 21:35:34', '2025-08-15 21:35:36', 0);
INSERT INTO `photo` VALUES (512, 1, 'http://14.103.112.11:9000/sidifensen-blog/album/1/1/14d56ca203964a3da8f47316d3f1e8d2.jpg', 1, '2025-08-15 21:35:34', '2025-08-15 21:35:36', 0);
INSERT INTO `photo` VALUES (513, 1, 'http://14.103.112.11:9000/sidifensen-blog/album/1/1/14d56ca203964a3da8f47316d3f1e8d2.jpg', 1, '2025-08-15 21:35:34', '2025-08-15 21:35:36', 0);
INSERT INTO `photo` VALUES (514, 1, 'http://14.103.112.11:9000/sidifensen-blog/album/1/1/14d56ca203964a3da8f47316d3f1e8d2.jpg', 1, '2025-08-15 21:35:34', '2025-08-15 21:35:36', 0);
INSERT INTO `photo` VALUES (515, 1, 'http://14.103.112.11:9000/sidifensen-blog/album/1/1/14d56ca203964a3da8f47316d3f1e8d2.jpg', 1, '2025-08-15 21:35:34', '2025-08-15 21:35:36', 0);
INSERT INTO `photo` VALUES (516, 1, 'http://14.103.112.11:9000/sidifensen-blog/album/1/1/14d56ca203964a3da8f47316d3f1e8d2.jpg', 1, '2025-08-15 21:35:34', '2025-08-15 21:35:36', 0);
INSERT INTO `photo` VALUES (517, 1, 'http://14.103.112.11:9000/sidifensen-blog/album/1/1/14d56ca203964a3da8f47316d3f1e8d2.jpg', 1, '2025-08-15 21:35:34', '2025-08-15 21:35:36', 0);
INSERT INTO `photo` VALUES (518, 1, 'http://14.103.112.11:9000/sidifensen-blog/album/1/1/14d56ca203964a3da8f47316d3f1e8d2.jpg', 1, '2025-08-15 21:35:34', '2025-08-15 21:35:36', 0);
INSERT INTO `photo` VALUES (519, 1, 'http://14.103.112.11:9000/sidifensen-blog/album/1/1/14d56ca203964a3da8f47316d3f1e8d2.jpg', 1, '2025-08-15 21:35:34', '2025-08-15 21:35:36', 0);
INSERT INTO `photo` VALUES (520, 1, 'http://14.103.112.11:9000/sidifensen-blog/album/1/1/14d56ca203964a3da8f47316d3f1e8d2.jpg', 1, '2025-08-15 21:35:34', '2025-08-15 21:35:36', 0);
INSERT INTO `photo` VALUES (521, 1, 'http://14.103.112.11:9000/sidifensen-blog/album/1/1/14d56ca203964a3da8f47316d3f1e8d2.jpg', 1, '2025-08-15 21:35:34', '2025-08-15 21:35:36', 0);
INSERT INTO `photo` VALUES (522, 1, 'http://14.103.112.11:9000/sidifensen-blog/album/1/1/14d56ca203964a3da8f47316d3f1e8d2.jpg', 1, '2025-08-15 21:35:34', '2025-08-15 21:35:36', 0);
INSERT INTO `photo` VALUES (523, 1, 'http://14.103.112.11:9000/sidifensen-blog/album/1/1/14d56ca203964a3da8f47316d3f1e8d2.jpg', 1, '2025-08-15 21:35:34', '2025-08-15 21:35:36', 0);
INSERT INTO `photo` VALUES (524, 1, 'http://14.103.112.11:9000/sidifensen-blog/album/1/1/14d56ca203964a3da8f47316d3f1e8d2.jpg', 1, '2025-08-15 21:35:34', '2025-08-15 21:35:36', 0);
INSERT INTO `photo` VALUES (525, 1, 'http://14.103.112.11:9000/sidifensen-blog/album/1/1/14d56ca203964a3da8f47316d3f1e8d2.jpg', 1, '2025-08-15 21:35:34', '2025-08-15 21:35:36', 0);
INSERT INTO `photo` VALUES (526, 1, 'http://14.103.112.11:9000/sidifensen-blog/album/1/1/14d56ca203964a3da8f47316d3f1e8d2.jpg', 1, '2025-08-15 21:35:34', '2025-08-15 21:35:36', 0);
INSERT INTO `photo` VALUES (527, 1, 'http://14.103.112.11:9000/sidifensen-blog/album/1/1/14d56ca203964a3da8f47316d3f1e8d2.jpg', 1, '2025-08-15 21:35:34', '2025-08-15 21:35:36', 0);
INSERT INTO `photo` VALUES (528, 1, 'http://14.103.112.11:9000/sidifensen-blog/album/1/1/14d56ca203964a3da8f47316d3f1e8d2.jpg', 1, '2025-08-15 21:35:34', '2025-08-15 21:35:36', 0);
INSERT INTO `photo` VALUES (529, 1, 'http://14.103.112.11:9000/sidifensen-blog/album/1/1/14d56ca203964a3da8f47316d3f1e8d2.jpg', 1, '2025-08-15 21:35:34', '2025-08-15 21:35:36', 0);
INSERT INTO `photo` VALUES (530, 1, 'http://14.103.112.11:9000/sidifensen-blog/album/1/1/14d56ca203964a3da8f47316d3f1e8d2.jpg', 1, '2025-08-15 21:35:34', '2025-08-15 21:35:36', 0);
INSERT INTO `photo` VALUES (531, 1, 'http://14.103.112.11:9000/sidifensen-blog/album/1/1/14d56ca203964a3da8f47316d3f1e8d2.jpg', 1, '2025-08-15 21:35:34', '2025-08-15 21:35:36', 0);
INSERT INTO `photo` VALUES (532, 1, 'http://14.103.112.11:9000/sidifensen-blog/album/1/1/14d56ca203964a3da8f47316d3f1e8d2.jpg', 1, '2025-08-15 21:35:34', '2025-08-15 21:35:36', 0);
INSERT INTO `photo` VALUES (533, 1, 'http://14.103.112.11:9000/sidifensen-blog/album/1/1/14d56ca203964a3da8f47316d3f1e8d2.jpg', 1, '2025-08-15 21:35:34', '2025-08-15 21:35:36', 0);
INSERT INTO `photo` VALUES (534, 1, 'http://14.103.112.11:9000/sidifensen-blog/album/1/1/14d56ca203964a3da8f47316d3f1e8d2.jpg', 1, '2025-08-15 21:35:34', '2025-08-15 21:35:36', 0);
INSERT INTO `photo` VALUES (535, 1, 'http://14.103.112.11:9000/sidifensen-blog/album/1/1/14d56ca203964a3da8f47316d3f1e8d2.jpg', 1, '2025-08-15 21:35:34', '2025-08-15 21:35:36', 0);
INSERT INTO `photo` VALUES (536, 1, 'http://14.103.112.11:9000/sidifensen-blog/album/1/1/14d56ca203964a3da8f47316d3f1e8d2.jpg', 1, '2025-08-15 21:35:34', '2025-08-15 21:35:36', 0);
INSERT INTO `photo` VALUES (537, 1, 'http://14.103.112.11:9000/sidifensen-blog/album/1/1/14d56ca203964a3da8f47316d3f1e8d2.jpg', 1, '2025-08-15 21:35:34', '2025-08-15 21:35:36', 0);
INSERT INTO `photo` VALUES (538, 1, 'http://14.103.112.11:9000/sidifensen-blog/album/1/1/14d56ca203964a3da8f47316d3f1e8d2.jpg', 1, '2025-08-15 21:35:34', '2025-08-15 21:35:36', 0);
INSERT INTO `photo` VALUES (539, 1, 'http://14.103.112.11:9000/sidifensen-blog/album/1/1/14d56ca203964a3da8f47316d3f1e8d2.jpg', 1, '2025-08-15 21:35:34', '2025-08-15 21:35:36', 0);
INSERT INTO `photo` VALUES (540, 1, 'http://14.103.112.11:9000/sidifensen-blog/album/1/1/14d56ca203964a3da8f47316d3f1e8d2.jpg', 1, '2025-08-15 21:35:34', '2025-08-15 21:35:36', 0);
INSERT INTO `photo` VALUES (541, 1, 'http://14.103.112.11:9000/sidifensen-blog/album/1/1/14d56ca203964a3da8f47316d3f1e8d2.jpg', 1, '2025-08-15 21:35:34', '2025-08-15 21:35:36', 0);
INSERT INTO `photo` VALUES (542, 1, 'http://14.103.112.11:9000/sidifensen-blog/album/1/1/14d56ca203964a3da8f47316d3f1e8d2.jpg', 1, '2025-08-15 21:35:34', '2025-08-15 21:35:36', 0);
INSERT INTO `photo` VALUES (543, 1, 'http://14.103.112.11:9000/sidifensen-blog/album/1/1/14d56ca203964a3da8f47316d3f1e8d2.jpg', 1, '2025-08-15 21:35:34', '2025-08-15 21:35:36', 0);
INSERT INTO `photo` VALUES (544, 1, 'http://14.103.112.11:9000/sidifensen-blog/album/1/1/14d56ca203964a3da8f47316d3f1e8d2.jpg', 1, '2025-08-15 21:35:34', '2025-08-15 21:35:36', 0);
INSERT INTO `photo` VALUES (545, 1, 'http://14.103.112.11:9000/sidifensen-blog/album/1/1/14d56ca203964a3da8f47316d3f1e8d2.jpg', 1, '2025-08-15 21:35:34', '2025-08-15 21:35:36', 0);
INSERT INTO `photo` VALUES (546, 1, 'http://14.103.112.11:9000/sidifensen-blog/album/1/1/14d56ca203964a3da8f47316d3f1e8d2.jpg', 1, '2025-08-15 21:35:34', '2025-08-15 21:35:36', 0);
INSERT INTO `photo` VALUES (547, 1, 'http://14.103.112.11:9000/sidifensen-blog/album/1/1/14d56ca203964a3da8f47316d3f1e8d2.jpg', 1, '2025-08-15 21:35:34', '2025-08-15 21:35:36', 0);
INSERT INTO `photo` VALUES (548, 1, 'http://14.103.112.11:9000/sidifensen-blog/album/1/1/14d56ca203964a3da8f47316d3f1e8d2.jpg', 1, '2025-08-15 21:35:34', '2025-08-15 21:35:36', 0);
INSERT INTO `photo` VALUES (549, 1, 'http://14.103.112.11:9000/sidifensen-blog/album/1/1/14d56ca203964a3da8f47316d3f1e8d2.jpg', 1, '2025-08-15 21:35:34', '2025-08-15 21:35:36', 0);
INSERT INTO `photo` VALUES (550, 1, 'http://14.103.112.11:9000/sidifensen-blog/album/1/1/14d56ca203964a3da8f47316d3f1e8d2.jpg', 1, '2025-08-15 21:35:34', '2025-08-15 21:35:36', 0);
INSERT INTO `photo` VALUES (551, 1, 'http://14.103.112.11:9000/sidifensen-blog/album/1/1/14d56ca203964a3da8f47316d3f1e8d2.jpg', 1, '2025-08-15 21:35:34', '2025-08-15 21:35:36', 0);
INSERT INTO `photo` VALUES (552, 1, 'http://14.103.112.11:9000/sidifensen-blog/album/1/1/14d56ca203964a3da8f47316d3f1e8d2.jpg', 1, '2025-08-15 21:35:34', '2025-08-15 21:35:36', 0);
INSERT INTO `photo` VALUES (553, 1, 'http://14.103.112.11:9000/sidifensen-blog/album/1/1/14d56ca203964a3da8f47316d3f1e8d2.jpg', 1, '2025-08-15 21:35:34', '2025-08-15 21:35:36', 0);
INSERT INTO `photo` VALUES (554, 1, 'http://14.103.112.11:9000/sidifensen-blog/album/1/1/14d56ca203964a3da8f47316d3f1e8d2.jpg', 1, '2025-08-15 21:35:34', '2025-08-15 21:35:36', 0);
INSERT INTO `photo` VALUES (555, 1, 'http://14.103.112.11:9000/sidifensen-blog/album/1/1/14d56ca203964a3da8f47316d3f1e8d2.jpg', 1, '2025-08-15 21:35:34', '2025-08-15 21:35:36', 0);
INSERT INTO `photo` VALUES (556, 1, 'http://14.103.112.11:9000/sidifensen-blog/album/1/1/14d56ca203964a3da8f47316d3f1e8d2.jpg', 1, '2025-08-15 21:35:34', '2025-08-15 21:35:36', 0);
INSERT INTO `photo` VALUES (557, 1, 'http://14.103.112.11:9000/sidifensen-blog/album/1/1/14d56ca203964a3da8f47316d3f1e8d2.jpg', 1, '2025-08-15 21:35:34', '2025-08-15 21:35:36', 0);
INSERT INTO `photo` VALUES (558, 1, 'http://14.103.112.11:9000/sidifensen-blog/album/1/1/14d56ca203964a3da8f47316d3f1e8d2.jpg', 1, '2025-08-15 21:35:34', '2025-08-15 21:35:36', 0);
INSERT INTO `photo` VALUES (559, 1, 'http://14.103.112.11:9000/sidifensen-blog/album/1/1/14d56ca203964a3da8f47316d3f1e8d2.jpg', 1, '2025-08-15 21:35:34', '2025-08-15 21:35:36', 0);
INSERT INTO `photo` VALUES (560, 1, 'http://14.103.112.11:9000/sidifensen-blog/album/1/1/14d56ca203964a3da8f47316d3f1e8d2.jpg', 1, '2025-08-15 21:35:34', '2025-08-15 21:35:36', 0);
INSERT INTO `photo` VALUES (561, 1, 'http://14.103.112.11:9000/sidifensen-blog/album/1/1/14d56ca203964a3da8f47316d3f1e8d2.jpg', 1, '2025-08-15 21:35:34', '2025-08-15 21:35:36', 0);
INSERT INTO `photo` VALUES (562, 1, 'http://14.103.112.11:9000/sidifensen-blog/album/1/1/14d56ca203964a3da8f47316d3f1e8d2.jpg', 1, '2025-08-15 21:35:34', '2025-08-15 21:35:36', 0);
INSERT INTO `photo` VALUES (563, 1, 'http://14.103.112.11:9000/sidifensen-blog/album/1/1/14d56ca203964a3da8f47316d3f1e8d2.jpg', 1, '2025-08-15 21:35:34', '2025-08-15 21:35:36', 0);
INSERT INTO `photo` VALUES (564, 1, 'http://14.103.112.11:9000/sidifensen-blog/album/1/1/14d56ca203964a3da8f47316d3f1e8d2.jpg', 1, '2025-08-15 21:35:34', '2025-08-15 21:35:36', 0);
INSERT INTO `photo` VALUES (565, 1, 'http://14.103.112.11:9000/sidifensen-blog/album/1/1/14d56ca203964a3da8f47316d3f1e8d2.jpg', 1, '2025-08-15 21:35:34', '2025-08-15 21:35:36', 0);
INSERT INTO `photo` VALUES (566, 1, 'http://14.103.112.11:9000/sidifensen-blog/album/1/1/14d56ca203964a3da8f47316d3f1e8d2.jpg', 1, '2025-08-15 21:35:34', '2025-08-15 21:35:36', 0);
INSERT INTO `photo` VALUES (567, 1, 'http://14.103.112.11:9000/sidifensen-blog/album/1/1/14d56ca203964a3da8f47316d3f1e8d2.jpg', 1, '2025-08-15 21:35:34', '2025-08-15 21:35:36', 0);
INSERT INTO `photo` VALUES (568, 1, 'http://14.103.112.11:9000/sidifensen-blog/album/1/1/14d56ca203964a3da8f47316d3f1e8d2.jpg', 1, '2025-08-15 21:35:34', '2025-08-15 21:35:36', 0);
INSERT INTO `photo` VALUES (569, 1, 'http://14.103.112.11:9000/sidifensen-blog/album/1/1/14d56ca203964a3da8f47316d3f1e8d2.jpg', 1, '2025-08-15 21:35:34', '2025-08-15 21:35:36', 0);
INSERT INTO `photo` VALUES (570, 1, 'http://14.103.112.11:9000/sidifensen-blog/album/1/1/14d56ca203964a3da8f47316d3f1e8d2.jpg', 1, '2025-08-15 21:35:34', '2025-08-15 21:35:36', 0);
INSERT INTO `photo` VALUES (571, 1, 'http://14.103.112.11:9000/sidifensen-blog/album/1/1/14d56ca203964a3da8f47316d3f1e8d2.jpg', 1, '2025-08-15 21:35:34', '2025-08-15 21:35:36', 0);
INSERT INTO `photo` VALUES (572, 1, 'http://14.103.112.11:9000/sidifensen-blog/album/1/1/14d56ca203964a3da8f47316d3f1e8d2.jpg', 1, '2025-08-15 21:35:34', '2025-08-15 21:35:36', 0);
INSERT INTO `photo` VALUES (573, 1, 'http://14.103.112.11:9000/sidifensen-blog/album/1/1/14d56ca203964a3da8f47316d3f1e8d2.jpg', 1, '2025-08-15 21:35:34', '2025-08-15 21:35:36', 0);
INSERT INTO `photo` VALUES (574, 1, 'http://14.103.112.11:9000/sidifensen-blog/album/1/1/14d56ca203964a3da8f47316d3f1e8d2.jpg', 1, '2025-08-15 21:35:34', '2025-08-15 21:35:36', 0);
INSERT INTO `photo` VALUES (575, 1, 'http://14.103.112.11:9000/sidifensen-blog/album/1/1/14d56ca203964a3da8f47316d3f1e8d2.jpg', 1, '2025-08-15 21:35:34', '2025-08-15 21:35:36', 0);
INSERT INTO `photo` VALUES (576, 1, 'http://14.103.112.11:9000/sidifensen-blog/album/1/1/14d56ca203964a3da8f47316d3f1e8d2.jpg', 1, '2025-08-15 21:35:34', '2025-08-15 21:35:36', 0);
INSERT INTO `photo` VALUES (577, 1, 'http://14.103.112.11:9000/sidifensen-blog/album/1/1/14d56ca203964a3da8f47316d3f1e8d2.jpg', 1, '2025-08-15 21:35:34', '2025-08-15 21:35:36', 0);
INSERT INTO `photo` VALUES (578, 1, 'http://14.103.112.11:9000/sidifensen-blog/album/1/1/14d56ca203964a3da8f47316d3f1e8d2.jpg', 1, '2025-08-15 21:35:34', '2025-08-15 21:35:36', 0);
INSERT INTO `photo` VALUES (579, 1, 'http://14.103.112.11:9000/sidifensen-blog/album/1/1/14d56ca203964a3da8f47316d3f1e8d2.jpg', 1, '2025-08-15 21:35:34', '2025-08-15 21:35:36', 0);
INSERT INTO `photo` VALUES (580, 1, 'http://14.103.112.11:9000/sidifensen-blog/album/1/1/14d56ca203964a3da8f47316d3f1e8d2.jpg', 1, '2025-08-15 21:35:34', '2025-08-15 21:35:36', 0);
INSERT INTO `photo` VALUES (581, 1, 'http://14.103.112.11:9000/sidifensen-blog/album/1/1/14d56ca203964a3da8f47316d3f1e8d2.jpg', 1, '2025-08-15 21:35:34', '2025-08-15 21:35:36', 0);
INSERT INTO `photo` VALUES (582, 1, 'http://14.103.112.11:9000/sidifensen-blog/album/1/1/14d56ca203964a3da8f47316d3f1e8d2.jpg', 1, '2025-08-15 21:35:34', '2025-08-15 21:35:36', 0);
INSERT INTO `photo` VALUES (583, 1, 'http://14.103.112.11:9000/sidifensen-blog/album/1/1/14d56ca203964a3da8f47316d3f1e8d2.jpg', 1, '2025-08-15 21:35:34', '2025-08-15 21:35:36', 0);
INSERT INTO `photo` VALUES (584, 1, 'http://14.103.112.11:9000/sidifensen-blog/album/1/1/14d56ca203964a3da8f47316d3f1e8d2.jpg', 1, '2025-08-15 21:35:34', '2025-08-15 21:35:36', 0);
INSERT INTO `photo` VALUES (585, 1, 'http://14.103.112.11:9000/sidifensen-blog/album/1/1/14d56ca203964a3da8f47316d3f1e8d2.jpg', 1, '2025-08-15 21:35:34', '2025-08-15 21:35:36', 0);
INSERT INTO `photo` VALUES (586, 1, 'http://14.103.112.11:9000/sidifensen-blog/album/1/1/14d56ca203964a3da8f47316d3f1e8d2.jpg', 1, '2025-08-15 21:35:34', '2025-08-15 21:35:36', 0);
INSERT INTO `photo` VALUES (587, 1, 'http://14.103.112.11:9000/sidifensen-blog/album/1/1/14d56ca203964a3da8f47316d3f1e8d2.jpg', 1, '2025-08-15 21:35:34', '2025-08-15 21:35:36', 0);
INSERT INTO `photo` VALUES (588, 1, 'http://14.103.112.11:9000/sidifensen-blog/album/1/1/14d56ca203964a3da8f47316d3f1e8d2.jpg', 1, '2025-08-15 21:35:34', '2025-08-15 21:35:36', 0);
INSERT INTO `photo` VALUES (589, 1, 'http://14.103.112.11:9000/sidifensen-blog/album/1/1/14d56ca203964a3da8f47316d3f1e8d2.jpg', 1, '2025-08-15 21:35:34', '2025-08-15 21:35:36', 0);
INSERT INTO `photo` VALUES (590, 1, 'http://14.103.112.11:9000/sidifensen-blog/album/1/1/14d56ca203964a3da8f47316d3f1e8d2.jpg', 1, '2025-08-15 21:35:34', '2025-08-15 21:35:36', 0);
INSERT INTO `photo` VALUES (591, 1, 'http://14.103.112.11:9000/sidifensen-blog/album/1/1/14d56ca203964a3da8f47316d3f1e8d2.jpg', 1, '2025-08-15 21:35:34', '2025-08-15 21:35:36', 0);
INSERT INTO `photo` VALUES (592, 1, 'http://14.103.112.11:9000/sidifensen-blog/album/1/1/14d56ca203964a3da8f47316d3f1e8d2.jpg', 1, '2025-08-15 21:35:34', '2025-08-15 21:35:36', 0);
INSERT INTO `photo` VALUES (593, 1, 'http://14.103.112.11:9000/sidifensen-blog/album/1/1/14d56ca203964a3da8f47316d3f1e8d2.jpg', 1, '2025-08-15 21:35:34', '2025-08-15 21:35:36', 0);
INSERT INTO `photo` VALUES (594, 1, 'http://14.103.112.11:9000/sidifensen-blog/album/1/1/14d56ca203964a3da8f47316d3f1e8d2.jpg', 1, '2025-08-15 21:35:34', '2025-08-15 21:35:36', 0);
INSERT INTO `photo` VALUES (595, 1, 'http://14.103.112.11:9000/sidifensen-blog/album/1/1/14d56ca203964a3da8f47316d3f1e8d2.jpg', 1, '2025-08-15 21:35:34', '2025-08-15 21:35:36', 0);
INSERT INTO `photo` VALUES (596, 1, 'http://14.103.112.11:9000/sidifensen-blog/album/1/1/14d56ca203964a3da8f47316d3f1e8d2.jpg', 1, '2025-08-15 21:35:34', '2025-08-15 21:35:36', 0);
INSERT INTO `photo` VALUES (597, 1, 'http://14.103.112.11:9000/sidifensen-blog/album/1/1/14d56ca203964a3da8f47316d3f1e8d2.jpg', 1, '2025-08-15 21:35:34', '2025-08-15 21:35:36', 0);
INSERT INTO `photo` VALUES (598, 1, 'http://14.103.112.11:9000/sidifensen-blog/album/1/1/14d56ca203964a3da8f47316d3f1e8d2.jpg', 1, '2025-08-15 21:35:34', '2025-08-15 21:35:36', 0);
INSERT INTO `photo` VALUES (599, 1, 'http://14.103.112.11:9000/sidifensen-blog/album/1/1/14d56ca203964a3da8f47316d3f1e8d2.jpg', 1, '2025-08-15 21:35:34', '2025-08-15 21:35:36', 0);
INSERT INTO `photo` VALUES (600, 1, 'http://14.103.112.11:9000/sidifensen-blog/album/1/1/14d56ca203964a3da8f47316d3f1e8d2.jpg', 1, '2025-08-15 21:35:34', '2025-08-15 21:35:36', 0);
INSERT INTO `photo` VALUES (601, 1, 'http://14.103.112.11:9000/sidifensen-blog/album/1/1/14d56ca203964a3da8f47316d3f1e8d2.jpg', 1, '2025-08-15 21:35:34', '2025-08-15 21:35:36', 0);
INSERT INTO `photo` VALUES (602, 1, 'http://14.103.112.11:9000/sidifensen-blog/album/1/1/14d56ca203964a3da8f47316d3f1e8d2.jpg', 1, '2025-08-15 21:35:34', '2025-08-15 21:35:36', 0);
INSERT INTO `photo` VALUES (603, 1, 'http://14.103.112.11:9000/sidifensen-blog/album/1/1/14d56ca203964a3da8f47316d3f1e8d2.jpg', 1, '2025-08-15 21:35:34', '2025-08-15 21:35:36', 0);
INSERT INTO `photo` VALUES (604, 1, 'http://14.103.112.11:9000/sidifensen-blog/album/1/1/14d56ca203964a3da8f47316d3f1e8d2.jpg', 1, '2025-08-15 21:35:34', '2025-08-15 21:35:36', 0);
INSERT INTO `photo` VALUES (605, 1, 'http://14.103.112.11:9000/sidifensen-blog/album/1/1/14d56ca203964a3da8f47316d3f1e8d2.jpg', 1, '2025-08-15 21:35:34', '2025-08-15 21:35:36', 0);
INSERT INTO `photo` VALUES (606, 1, 'http://14.103.112.11:9000/sidifensen-blog/album/1/1/14d56ca203964a3da8f47316d3f1e8d2.jpg', 1, '2025-08-15 21:35:34', '2025-08-15 21:35:36', 0);
INSERT INTO `photo` VALUES (607, 1, 'http://14.103.112.11:9000/sidifensen-blog/album/1/1/14d56ca203964a3da8f47316d3f1e8d2.jpg', 1, '2025-08-15 21:35:34', '2025-08-15 21:35:36', 0);
INSERT INTO `photo` VALUES (608, 1, 'http://14.103.112.11:9000/sidifensen-blog/album/1/1/14d56ca203964a3da8f47316d3f1e8d2.jpg', 1, '2025-08-15 21:35:34', '2025-08-15 21:35:36', 0);
INSERT INTO `photo` VALUES (609, 1, 'http://14.103.112.11:9000/sidifensen-blog/album/1/1/14d56ca203964a3da8f47316d3f1e8d2.jpg', 1, '2025-08-15 21:35:34', '2025-08-15 21:35:36', 0);
INSERT INTO `photo` VALUES (610, 1, 'http://14.103.112.11:9000/sidifensen-blog/album/1/1/14d56ca203964a3da8f47316d3f1e8d2.jpg', 1, '2025-08-15 21:35:34', '2025-08-15 21:35:36', 0);
INSERT INTO `photo` VALUES (611, 1, 'http://14.103.112.11:9000/sidifensen-blog/album/1/1/14d56ca203964a3da8f47316d3f1e8d2.jpg', 1, '2025-08-15 21:35:34', '2025-08-15 21:35:36', 0);
INSERT INTO `photo` VALUES (612, 1, 'http://14.103.112.11:9000/sidifensen-blog/album/1/1/14d56ca203964a3da8f47316d3f1e8d2.jpg', 1, '2025-08-15 21:35:34', '2025-08-15 21:35:36', 0);
INSERT INTO `photo` VALUES (613, 1, 'http://14.103.112.11:9000/sidifensen-blog/album/1/1/14d56ca203964a3da8f47316d3f1e8d2.jpg', 1, '2025-08-15 21:35:34', '2025-08-15 21:35:36', 0);
INSERT INTO `photo` VALUES (614, 1, 'http://14.103.112.11:9000/sidifensen-blog/album/1/1/14d56ca203964a3da8f47316d3f1e8d2.jpg', 1, '2025-08-15 21:35:34', '2025-08-15 21:35:36', 0);
INSERT INTO `photo` VALUES (615, 1, 'http://14.103.112.11:9000/sidifensen-blog/album/1/1/14d56ca203964a3da8f47316d3f1e8d2.jpg', 1, '2025-08-15 21:35:34', '2025-08-15 21:35:36', 0);
INSERT INTO `photo` VALUES (616, 1, 'http://14.103.112.11:9000/sidifensen-blog/album/1/1/14d56ca203964a3da8f47316d3f1e8d2.jpg', 1, '2025-08-15 21:35:34', '2025-08-15 21:35:36', 0);
INSERT INTO `photo` VALUES (617, 1, 'http://14.103.112.11:9000/sidifensen-blog/album/1/1/14d56ca203964a3da8f47316d3f1e8d2.jpg', 1, '2025-08-15 21:35:34', '2025-08-15 21:35:36', 0);
INSERT INTO `photo` VALUES (618, 1, 'http://14.103.112.11:9000/sidifensen-blog/album/1/1/14d56ca203964a3da8f47316d3f1e8d2.jpg', 1, '2025-08-15 21:35:34', '2025-08-15 21:35:36', 0);
INSERT INTO `photo` VALUES (619, 1, 'http://14.103.112.11:9000/sidifensen-blog/album/1/1/14d56ca203964a3da8f47316d3f1e8d2.jpg', 1, '2025-08-15 21:35:34', '2025-08-15 21:35:36', 0);
INSERT INTO `photo` VALUES (620, 1, 'http://14.103.112.11:9000/sidifensen-blog/album/1/1/14d56ca203964a3da8f47316d3f1e8d2.jpg', 1, '2025-08-15 21:35:34', '2025-08-15 21:35:36', 0);
INSERT INTO `photo` VALUES (621, 1, 'http://14.103.112.11:9000/sidifensen-blog/album/1/1/14d56ca203964a3da8f47316d3f1e8d2.jpg', 1, '2025-08-15 21:35:34', '2025-08-15 21:35:36', 0);
INSERT INTO `photo` VALUES (622, 1, 'http://14.103.112.11:9000/sidifensen-blog/album/1/1/14d56ca203964a3da8f47316d3f1e8d2.jpg', 1, '2025-08-15 21:35:34', '2025-08-15 21:35:36', 0);
INSERT INTO `photo` VALUES (623, 1, 'http://14.103.112.11:9000/sidifensen-blog/album/1/1/14d56ca203964a3da8f47316d3f1e8d2.jpg', 1, '2025-08-15 21:35:34', '2025-08-15 21:35:36', 0);
INSERT INTO `photo` VALUES (624, 1, 'http://14.103.112.11:9000/sidifensen-blog/album/1/1/14d56ca203964a3da8f47316d3f1e8d2.jpg', 1, '2025-08-15 21:35:34', '2025-08-15 21:35:36', 0);
INSERT INTO `photo` VALUES (625, 1, 'http://14.103.112.11:9000/sidifensen-blog/album/1/1/14d56ca203964a3da8f47316d3f1e8d2.jpg', 1, '2025-08-15 21:35:34', '2025-08-15 21:35:36', 0);
INSERT INTO `photo` VALUES (626, 1, 'http://14.103.112.11:9000/sidifensen-blog/album/1/1/14d56ca203964a3da8f47316d3f1e8d2.jpg', 1, '2025-08-15 21:35:34', '2025-08-15 21:35:36', 0);
INSERT INTO `photo` VALUES (627, 1, 'http://14.103.112.11:9000/sidifensen-blog/album/1/1/14d56ca203964a3da8f47316d3f1e8d2.jpg', 1, '2025-08-15 21:35:34', '2025-08-15 21:35:36', 0);
INSERT INTO `photo` VALUES (628, 1, 'http://14.103.112.11:9000/sidifensen-blog/album/1/1/14d56ca203964a3da8f47316d3f1e8d2.jpg', 1, '2025-08-15 21:35:34', '2025-08-15 21:35:36', 0);
INSERT INTO `photo` VALUES (629, 1, 'http://14.103.112.11:9000/sidifensen-blog/album/1/1/14d56ca203964a3da8f47316d3f1e8d2.jpg', 1, '2025-08-15 21:35:34', '2025-08-15 21:35:36', 0);
INSERT INTO `photo` VALUES (630, 1, 'http://14.103.112.11:9000/sidifensen-blog/album/1/1/14d56ca203964a3da8f47316d3f1e8d2.jpg', 1, '2025-08-15 21:35:34', '2025-08-15 21:35:36', 0);
INSERT INTO `photo` VALUES (631, 1, 'http://14.103.112.11:9000/sidifensen-blog/album/1/1/14d56ca203964a3da8f47316d3f1e8d2.jpg', 1, '2025-08-15 21:35:34', '2025-08-15 21:35:36', 0);
INSERT INTO `photo` VALUES (632, 1, 'http://14.103.112.11:9000/sidifensen-blog/album/1/1/14d56ca203964a3da8f47316d3f1e8d2.jpg', 1, '2025-08-15 21:35:34', '2025-08-15 21:35:36', 0);
INSERT INTO `photo` VALUES (633, 1, 'http://14.103.112.11:9000/sidifensen-blog/album/1/1/14d56ca203964a3da8f47316d3f1e8d2.jpg', 1, '2025-08-15 21:35:34', '2025-08-15 21:35:36', 0);
INSERT INTO `photo` VALUES (634, 1, 'http://14.103.112.11:9000/sidifensen-blog/album/1/1/14d56ca203964a3da8f47316d3f1e8d2.jpg', 1, '2025-08-15 21:35:34', '2025-08-15 21:35:36', 0);
INSERT INTO `photo` VALUES (635, 1, 'http://14.103.112.11:9000/sidifensen-blog/album/1/1/14d56ca203964a3da8f47316d3f1e8d2.jpg', 1, '2025-08-15 21:35:34', '2025-08-15 21:35:36', 0);
INSERT INTO `photo` VALUES (636, 1, 'http://14.103.112.11:9000/sidifensen-blog/album/1/1/14d56ca203964a3da8f47316d3f1e8d2.jpg', 1, '2025-08-15 21:35:34', '2025-08-15 21:35:36', 0);
INSERT INTO `photo` VALUES (637, 1, 'http://14.103.112.11:9000/sidifensen-blog/album/1/1/14d56ca203964a3da8f47316d3f1e8d2.jpg', 1, '2025-08-15 21:35:34', '2025-08-15 21:35:36', 0);
INSERT INTO `photo` VALUES (638, 1, 'http://14.103.112.11:9000/sidifensen-blog/album/1/1/14d56ca203964a3da8f47316d3f1e8d2.jpg', 1, '2025-08-15 21:35:34', '2025-08-15 21:35:36', 0);
INSERT INTO `photo` VALUES (639, 1, 'http://14.103.112.11:9000/sidifensen-blog/album/1/1/14d56ca203964a3da8f47316d3f1e8d2.jpg', 1, '2025-08-15 21:35:34', '2025-08-15 21:35:36', 0);
INSERT INTO `photo` VALUES (640, 1, 'http://14.103.112.11:9000/sidifensen-blog/album/1/1/14d56ca203964a3da8f47316d3f1e8d2.jpg', 1, '2025-08-15 21:35:34', '2025-08-15 21:35:36', 0);
INSERT INTO `photo` VALUES (641, 1, 'http://14.103.112.11:9000/sidifensen-blog/album/1/1/14d56ca203964a3da8f47316d3f1e8d2.jpg', 1, '2025-08-15 21:35:34', '2025-08-15 21:35:36', 0);
INSERT INTO `photo` VALUES (642, 1, 'http://14.103.112.11:9000/sidifensen-blog/album/1/1/14d56ca203964a3da8f47316d3f1e8d2.jpg', 1, '2025-08-15 21:35:34', '2025-08-15 21:35:36', 0);
INSERT INTO `photo` VALUES (643, 1, 'http://14.103.112.11:9000/sidifensen-blog/album/1/1/14d56ca203964a3da8f47316d3f1e8d2.jpg', 1, '2025-08-15 21:35:34', '2025-08-15 21:35:36', 0);
INSERT INTO `photo` VALUES (644, 1, 'http://14.103.112.11:9000/sidifensen-blog/album/1/1/14d56ca203964a3da8f47316d3f1e8d2.jpg', 1, '2025-08-15 21:35:34', '2025-08-15 21:35:36', 0);
INSERT INTO `photo` VALUES (645, 1, 'http://14.103.112.11:9000/sidifensen-blog/album/1/1/14d56ca203964a3da8f47316d3f1e8d2.jpg', 1, '2025-08-15 21:35:34', '2025-08-15 21:35:36', 0);
INSERT INTO `photo` VALUES (646, 1, 'http://14.103.112.11:9000/sidifensen-blog/album/1/1/14d56ca203964a3da8f47316d3f1e8d2.jpg', 1, '2025-08-15 21:35:34', '2025-08-15 21:35:36', 0);
INSERT INTO `photo` VALUES (647, 1, 'http://14.103.112.11:9000/sidifensen-blog/album/1/1/14d56ca203964a3da8f47316d3f1e8d2.jpg', 1, '2025-08-15 21:35:34', '2025-08-15 21:35:36', 0);
INSERT INTO `photo` VALUES (648, 1, 'http://14.103.112.11:9000/sidifensen-blog/album/1/1/14d56ca203964a3da8f47316d3f1e8d2.jpg', 1, '2025-08-15 21:35:34', '2025-08-15 21:35:36', 0);
INSERT INTO `photo` VALUES (649, 1, 'http://14.103.112.11:9000/sidifensen-blog/album/1/1/14d56ca203964a3da8f47316d3f1e8d2.jpg', 1, '2025-08-15 21:35:34', '2025-08-15 21:35:36', 0);
INSERT INTO `photo` VALUES (650, 1, 'http://14.103.112.11:9000/sidifensen-blog/album/1/1/14d56ca203964a3da8f47316d3f1e8d2.jpg', 1, '2025-08-15 21:35:34', '2025-08-15 21:35:36', 0);
INSERT INTO `photo` VALUES (651, 1, 'http://14.103.112.11:9000/sidifensen-blog/album/1/1/14d56ca203964a3da8f47316d3f1e8d2.jpg', 1, '2025-08-15 21:35:34', '2025-08-15 21:35:36', 0);
INSERT INTO `photo` VALUES (652, 1, 'http://14.103.112.11:9000/sidifensen-blog/album/1/1/14d56ca203964a3da8f47316d3f1e8d2.jpg', 1, '2025-08-15 21:35:34', '2025-08-15 21:35:36', 0);
INSERT INTO `photo` VALUES (653, 1, 'http://14.103.112.11:9000/sidifensen-blog/album/1/1/14d56ca203964a3da8f47316d3f1e8d2.jpg', 1, '2025-08-15 21:35:34', '2025-08-15 21:35:36', 0);
INSERT INTO `photo` VALUES (654, 1, 'http://14.103.112.11:9000/sidifensen-blog/album/1/1/14d56ca203964a3da8f47316d3f1e8d2.jpg', 1, '2025-08-15 21:35:34', '2025-08-15 21:35:36', 0);
INSERT INTO `photo` VALUES (655, 1, 'http://14.103.112.11:9000/sidifensen-blog/album/1/1/14d56ca203964a3da8f47316d3f1e8d2.jpg', 1, '2025-08-15 21:35:34', '2025-08-15 21:35:36', 0);
INSERT INTO `photo` VALUES (656, 1, 'http://14.103.112.11:9000/sidifensen-blog/album/1/1/14d56ca203964a3da8f47316d3f1e8d2.jpg', 1, '2025-08-15 21:35:34', '2025-08-15 21:35:36', 0);
INSERT INTO `photo` VALUES (657, 1, 'http://14.103.112.11:9000/sidifensen-blog/album/1/1/14d56ca203964a3da8f47316d3f1e8d2.jpg', 1, '2025-08-15 21:35:34', '2025-08-15 21:35:36', 0);
INSERT INTO `photo` VALUES (658, 1, 'http://14.103.112.11:9000/sidifensen-blog/album/1/1/14d56ca203964a3da8f47316d3f1e8d2.jpg', 1, '2025-08-15 21:35:34', '2025-08-15 21:35:36', 0);
INSERT INTO `photo` VALUES (659, 1, 'http://14.103.112.11:9000/sidifensen-blog/album/1/1/14d56ca203964a3da8f47316d3f1e8d2.jpg', 1, '2025-08-15 21:35:34', '2025-08-15 21:35:36', 0);
INSERT INTO `photo` VALUES (660, 1, 'http://14.103.112.11:9000/sidifensen-blog/album/1/1/14d56ca203964a3da8f47316d3f1e8d2.jpg', 1, '2025-08-15 21:35:34', '2025-08-15 21:35:36', 0);
INSERT INTO `photo` VALUES (661, 1, 'http://14.103.112.11:9000/sidifensen-blog/album/1/1/14d56ca203964a3da8f47316d3f1e8d2.jpg', 1, '2025-08-15 21:35:34', '2025-08-15 21:35:36', 0);
INSERT INTO `photo` VALUES (662, 1, 'http://14.103.112.11:9000/sidifensen-blog/album/1/1/14d56ca203964a3da8f47316d3f1e8d2.jpg', 1, '2025-08-15 21:35:34', '2025-08-15 21:35:36', 0);
INSERT INTO `photo` VALUES (663, 1, 'http://14.103.112.11:9000/sidifensen-blog/album/1/1/14d56ca203964a3da8f47316d3f1e8d2.jpg', 1, '2025-08-15 21:35:34', '2025-08-15 21:35:36', 0);
INSERT INTO `photo` VALUES (664, 1, 'http://14.103.112.11:9000/sidifensen-blog/album/1/1/14d56ca203964a3da8f47316d3f1e8d2.jpg', 1, '2025-08-15 21:35:34', '2025-08-15 21:35:36', 0);
INSERT INTO `photo` VALUES (665, 1, 'http://14.103.112.11:9000/sidifensen-blog/album/1/1/14d56ca203964a3da8f47316d3f1e8d2.jpg', 1, '2025-08-15 21:35:34', '2025-08-15 21:35:36', 0);
INSERT INTO `photo` VALUES (666, 1, 'http://14.103.112.11:9000/sidifensen-blog/album/1/1/14d56ca203964a3da8f47316d3f1e8d2.jpg', 1, '2025-08-15 21:35:34', '2025-08-15 21:35:36', 0);
INSERT INTO `photo` VALUES (667, 1, 'http://14.103.112.11:9000/sidifensen-blog/album/1/1/14d56ca203964a3da8f47316d3f1e8d2.jpg', 1, '2025-08-15 21:35:34', '2025-08-15 21:35:36', 0);
INSERT INTO `photo` VALUES (668, 1, 'http://14.103.112.11:9000/sidifensen-blog/album/1/1/14d56ca203964a3da8f47316d3f1e8d2.jpg', 1, '2025-08-15 21:35:34', '2025-08-15 21:35:36', 0);
INSERT INTO `photo` VALUES (669, 1, 'http://14.103.112.11:9000/sidifensen-blog/album/1/1/14d56ca203964a3da8f47316d3f1e8d2.jpg', 1, '2025-08-15 21:35:34', '2025-08-15 21:35:36', 0);
INSERT INTO `photo` VALUES (670, 1, 'http://14.103.112.11:9000/sidifensen-blog/album/1/1/14d56ca203964a3da8f47316d3f1e8d2.jpg', 1, '2025-08-15 21:35:34', '2025-08-15 21:35:36', 0);
INSERT INTO `photo` VALUES (671, 1, 'http://14.103.112.11:9000/sidifensen-blog/album/1/1/14d56ca203964a3da8f47316d3f1e8d2.jpg', 1, '2025-08-15 21:35:34', '2025-08-15 21:35:36', 0);
INSERT INTO `photo` VALUES (672, 1, 'http://14.103.112.11:9000/sidifensen-blog/album/1/1/14d56ca203964a3da8f47316d3f1e8d2.jpg', 1, '2025-08-15 21:35:34', '2025-08-15 21:35:36', 0);
INSERT INTO `photo` VALUES (673, 1, 'http://14.103.112.11:9000/sidifensen-blog/album/1/1/14d56ca203964a3da8f47316d3f1e8d2.jpg', 1, '2025-08-15 21:35:34', '2025-08-15 21:35:36', 0);
INSERT INTO `photo` VALUES (674, 1, 'http://14.103.112.11:9000/sidifensen-blog/album/1/1/14d56ca203964a3da8f47316d3f1e8d2.jpg', 1, '2025-08-15 21:35:34', '2025-08-15 21:35:36', 0);
INSERT INTO `photo` VALUES (675, 1, 'http://14.103.112.11:9000/sidifensen-blog/album/1/1/14d56ca203964a3da8f47316d3f1e8d2.jpg', 1, '2025-08-15 21:35:34', '2025-08-15 21:35:36', 0);
INSERT INTO `photo` VALUES (676, 1, 'http://14.103.112.11:9000/sidifensen-blog/album/1/1/14d56ca203964a3da8f47316d3f1e8d2.jpg', 1, '2025-08-15 21:35:34', '2025-08-15 21:35:36', 0);
INSERT INTO `photo` VALUES (677, 1, 'http://14.103.112.11:9000/sidifensen-blog/album/1/1/14d56ca203964a3da8f47316d3f1e8d2.jpg', 1, '2025-08-15 21:35:34', '2025-08-15 21:35:36', 0);
INSERT INTO `photo` VALUES (678, 1, 'http://14.103.112.11:9000/sidifensen-blog/album/1/1/14d56ca203964a3da8f47316d3f1e8d2.jpg', 1, '2025-08-15 21:35:34', '2025-08-15 21:35:36', 0);
INSERT INTO `photo` VALUES (679, 1, 'http://14.103.112.11:9000/sidifensen-blog/album/1/1/14d56ca203964a3da8f47316d3f1e8d2.jpg', 1, '2025-08-15 21:35:34', '2025-08-15 21:35:36', 0);
INSERT INTO `photo` VALUES (680, 1, 'http://14.103.112.11:9000/sidifensen-blog/album/1/1/14d56ca203964a3da8f47316d3f1e8d2.jpg', 1, '2025-08-15 21:35:34', '2025-08-15 21:35:36', 0);
INSERT INTO `photo` VALUES (681, 1, 'http://14.103.112.11:9000/sidifensen-blog/album/1/1/14d56ca203964a3da8f47316d3f1e8d2.jpg', 1, '2025-08-15 21:35:34', '2025-08-15 21:35:36', 0);
INSERT INTO `photo` VALUES (682, 1, 'http://14.103.112.11:9000/sidifensen-blog/album/1/1/14d56ca203964a3da8f47316d3f1e8d2.jpg', 1, '2025-08-15 21:35:34', '2025-08-15 21:35:36', 0);
INSERT INTO `photo` VALUES (683, 1, 'http://14.103.112.11:9000/sidifensen-blog/album/1/1/14d56ca203964a3da8f47316d3f1e8d2.jpg', 1, '2025-08-15 21:35:34', '2025-08-15 21:35:36', 0);
INSERT INTO `photo` VALUES (684, 1, 'http://14.103.112.11:9000/sidifensen-blog/album/1/1/14d56ca203964a3da8f47316d3f1e8d2.jpg', 1, '2025-08-15 21:35:34', '2025-08-15 21:35:36', 0);
INSERT INTO `photo` VALUES (685, 1, 'http://14.103.112.11:9000/sidifensen-blog/album/1/1/14d56ca203964a3da8f47316d3f1e8d2.jpg', 1, '2025-08-15 21:35:34', '2025-08-15 21:35:36', 0);
INSERT INTO `photo` VALUES (686, 1, 'http://14.103.112.11:9000/sidifensen-blog/album/1/1/14d56ca203964a3da8f47316d3f1e8d2.jpg', 1, '2025-08-15 21:35:34', '2025-08-15 21:35:36', 0);
INSERT INTO `photo` VALUES (687, 1, 'http://14.103.112.11:9000/sidifensen-blog/album/1/1/14d56ca203964a3da8f47316d3f1e8d2.jpg', 1, '2025-08-15 21:35:34', '2025-08-15 21:35:36', 0);
INSERT INTO `photo` VALUES (688, 1, 'http://14.103.112.11:9000/sidifensen-blog/album/1/1/14d56ca203964a3da8f47316d3f1e8d2.jpg', 1, '2025-08-15 21:35:34', '2025-08-15 21:35:36', 0);
INSERT INTO `photo` VALUES (689, 1, 'http://14.103.112.11:9000/sidifensen-blog/album/1/1/14d56ca203964a3da8f47316d3f1e8d2.jpg', 1, '2025-08-15 21:35:34', '2025-08-15 21:35:36', 0);
INSERT INTO `photo` VALUES (690, 1, 'http://14.103.112.11:9000/sidifensen-blog/album/1/1/14d56ca203964a3da8f47316d3f1e8d2.jpg', 1, '2025-08-15 21:35:34', '2025-08-15 21:35:36', 0);
INSERT INTO `photo` VALUES (691, 1, 'http://14.103.112.11:9000/sidifensen-blog/album/1/1/14d56ca203964a3da8f47316d3f1e8d2.jpg', 1, '2025-08-15 21:35:34', '2025-08-15 21:35:36', 0);
INSERT INTO `photo` VALUES (692, 1, 'http://14.103.112.11:9000/sidifensen-blog/album/1/1/14d56ca203964a3da8f47316d3f1e8d2.jpg', 1, '2025-08-15 21:35:34', '2025-08-15 21:35:36', 0);
INSERT INTO `photo` VALUES (693, 1, 'http://14.103.112.11:9000/sidifensen-blog/album/1/1/14d56ca203964a3da8f47316d3f1e8d2.jpg', 1, '2025-08-15 21:35:34', '2025-08-15 21:35:36', 0);
INSERT INTO `photo` VALUES (694, 1, 'http://14.103.112.11:9000/sidifensen-blog/album/1/1/14d56ca203964a3da8f47316d3f1e8d2.jpg', 1, '2025-08-15 21:35:34', '2025-08-15 21:35:36', 0);
INSERT INTO `photo` VALUES (695, 1, 'http://14.103.112.11:9000/sidifensen-blog/album/1/1/14d56ca203964a3da8f47316d3f1e8d2.jpg', 1, '2025-08-15 21:35:34', '2025-08-15 21:35:36', 0);
INSERT INTO `photo` VALUES (696, 1, 'http://14.103.112.11:9000/sidifensen-blog/album/1/1/14d56ca203964a3da8f47316d3f1e8d2.jpg', 1, '2025-08-15 21:35:34', '2025-08-15 21:35:36', 0);
INSERT INTO `photo` VALUES (697, 1, 'http://14.103.112.11:9000/sidifensen-blog/album/1/1/14d56ca203964a3da8f47316d3f1e8d2.jpg', 1, '2025-08-15 21:35:34', '2025-08-15 21:35:36', 0);
INSERT INTO `photo` VALUES (698, 1, 'http://14.103.112.11:9000/sidifensen-blog/album/1/1/14d56ca203964a3da8f47316d3f1e8d2.jpg', 1, '2025-08-15 21:35:34', '2025-08-15 21:35:36', 0);
INSERT INTO `photo` VALUES (699, 1, 'http://14.103.112.11:9000/sidifensen-blog/album/1/1/14d56ca203964a3da8f47316d3f1e8d2.jpg', 1, '2025-08-15 21:35:34', '2025-08-15 21:35:36', 0);
INSERT INTO `photo` VALUES (700, 1, 'http://14.103.112.11:9000/sidifensen-blog/album/1/1/14d56ca203964a3da8f47316d3f1e8d2.jpg', 1, '2025-08-15 21:35:34', '2025-08-15 21:35:36', 0);
INSERT INTO `photo` VALUES (701, 1, 'http://14.103.112.11:9000/sidifensen-blog/album/1/1/14d56ca203964a3da8f47316d3f1e8d2.jpg', 1, '2025-08-15 21:35:34', '2025-08-15 21:35:36', 0);
INSERT INTO `photo` VALUES (702, 1, 'http://14.103.112.11:9000/sidifensen-blog/album/1/1/14d56ca203964a3da8f47316d3f1e8d2.jpg', 1, '2025-08-15 21:35:34', '2025-08-15 21:35:36', 0);
INSERT INTO `photo` VALUES (703, 1, 'http://14.103.112.11:9000/sidifensen-blog/album/1/1/14d56ca203964a3da8f47316d3f1e8d2.jpg', 1, '2025-08-15 21:35:34', '2025-08-15 21:35:36', 0);
INSERT INTO `photo` VALUES (704, 1, 'http://14.103.112.11:9000/sidifensen-blog/album/1/1/14d56ca203964a3da8f47316d3f1e8d2.jpg', 1, '2025-08-15 21:35:34', '2025-08-15 21:35:36', 0);
INSERT INTO `photo` VALUES (705, 1, 'http://14.103.112.11:9000/sidifensen-blog/album/1/1/14d56ca203964a3da8f47316d3f1e8d2.jpg', 1, '2025-08-15 21:35:34', '2025-08-15 21:35:36', 0);
INSERT INTO `photo` VALUES (706, 1, 'http://14.103.112.11:9000/sidifensen-blog/album/1/1/14d56ca203964a3da8f47316d3f1e8d2.jpg', 1, '2025-08-15 21:35:34', '2025-08-15 21:35:36', 0);
INSERT INTO `photo` VALUES (707, 1, 'http://14.103.112.11:9000/sidifensen-blog/album/1/1/14d56ca203964a3da8f47316d3f1e8d2.jpg', 1, '2025-08-15 21:35:34', '2025-08-15 21:35:36', 0);
INSERT INTO `photo` VALUES (708, 1, 'http://14.103.112.11:9000/sidifensen-blog/album/1/1/14d56ca203964a3da8f47316d3f1e8d2.jpg', 1, '2025-08-15 21:35:34', '2025-08-15 21:35:36', 0);
INSERT INTO `photo` VALUES (709, 1, 'http://14.103.112.11:9000/sidifensen-blog/album/1/1/14d56ca203964a3da8f47316d3f1e8d2.jpg', 1, '2025-08-15 21:35:34', '2025-08-15 21:35:36', 0);
INSERT INTO `photo` VALUES (710, 1, 'http://14.103.112.11:9000/sidifensen-blog/album/1/1/14d56ca203964a3da8f47316d3f1e8d2.jpg', 1, '2025-08-15 21:35:34', '2025-08-15 21:35:36', 0);
INSERT INTO `photo` VALUES (711, 1, 'http://14.103.112.11:9000/sidifensen-blog/album/1/1/14d56ca203964a3da8f47316d3f1e8d2.jpg', 1, '2025-08-15 21:35:34', '2025-08-15 21:35:36', 0);
INSERT INTO `photo` VALUES (712, 1, 'http://14.103.112.11:9000/sidifensen-blog/album/1/1/14d56ca203964a3da8f47316d3f1e8d2.jpg', 1, '2025-08-15 21:35:34', '2025-08-15 21:35:36', 0);
INSERT INTO `photo` VALUES (713, 1, 'http://14.103.112.11:9000/sidifensen-blog/album/1/1/14d56ca203964a3da8f47316d3f1e8d2.jpg', 1, '2025-08-15 21:35:34', '2025-08-15 21:35:36', 0);
INSERT INTO `photo` VALUES (714, 1, 'http://14.103.112.11:9000/sidifensen-blog/album/1/1/14d56ca203964a3da8f47316d3f1e8d2.jpg', 1, '2025-08-15 21:35:34', '2025-08-15 21:35:36', 0);
INSERT INTO `photo` VALUES (715, 1, 'http://14.103.112.11:9000/sidifensen-blog/album/1/1/14d56ca203964a3da8f47316d3f1e8d2.jpg', 1, '2025-08-15 21:35:34', '2025-08-15 21:35:36', 0);
INSERT INTO `photo` VALUES (716, 1, 'http://14.103.112.11:9000/sidifensen-blog/album/1/1/14d56ca203964a3da8f47316d3f1e8d2.jpg', 1, '2025-08-15 21:35:34', '2025-08-15 21:35:36', 0);
INSERT INTO `photo` VALUES (717, 1, 'http://14.103.112.11:9000/sidifensen-blog/album/1/1/14d56ca203964a3da8f47316d3f1e8d2.jpg', 1, '2025-08-15 21:35:34', '2025-08-15 21:35:36', 0);
INSERT INTO `photo` VALUES (718, 1, 'http://14.103.112.11:9000/sidifensen-blog/album/1/1/14d56ca203964a3da8f47316d3f1e8d2.jpg', 1, '2025-08-15 21:35:34', '2025-08-15 21:35:36', 0);
INSERT INTO `photo` VALUES (719, 1, 'http://14.103.112.11:9000/sidifensen-blog/album/1/1/14d56ca203964a3da8f47316d3f1e8d2.jpg', 1, '2025-08-15 21:35:34', '2025-08-15 21:35:36', 0);
INSERT INTO `photo` VALUES (720, 1, 'http://14.103.112.11:9000/sidifensen-blog/album/1/1/14d56ca203964a3da8f47316d3f1e8d2.jpg', 1, '2025-08-15 21:35:34', '2025-08-15 21:35:36', 0);
INSERT INTO `photo` VALUES (721, 1, 'http://14.103.112.11:9000/sidifensen-blog/album/1/1/14d56ca203964a3da8f47316d3f1e8d2.jpg', 1, '2025-08-15 21:35:34', '2025-08-15 21:35:36', 0);
INSERT INTO `photo` VALUES (722, 1, 'http://14.103.112.11:9000/sidifensen-blog/album/1/1/14d56ca203964a3da8f47316d3f1e8d2.jpg', 1, '2025-08-15 21:35:34', '2025-08-15 21:35:36', 0);
INSERT INTO `photo` VALUES (723, 1, 'http://14.103.112.11:9000/sidifensen-blog/album/1/1/14d56ca203964a3da8f47316d3f1e8d2.jpg', 1, '2025-08-15 21:35:34', '2025-08-15 21:35:36', 0);
INSERT INTO `photo` VALUES (724, 1, 'http://14.103.112.11:9000/sidifensen-blog/album/1/1/14d56ca203964a3da8f47316d3f1e8d2.jpg', 1, '2025-08-15 21:35:34', '2025-08-15 21:35:36', 0);
INSERT INTO `photo` VALUES (725, 1, 'http://14.103.112.11:9000/sidifensen-blog/album/1/1/14d56ca203964a3da8f47316d3f1e8d2.jpg', 1, '2025-08-15 21:35:34', '2025-08-15 21:35:36', 0);
INSERT INTO `photo` VALUES (726, 1, 'http://14.103.112.11:9000/sidifensen-blog/album/1/1/14d56ca203964a3da8f47316d3f1e8d2.jpg', 1, '2025-08-15 21:35:34', '2025-08-15 21:35:36', 0);
INSERT INTO `photo` VALUES (727, 1, 'http://14.103.112.11:9000/sidifensen-blog/album/1/1/14d56ca203964a3da8f47316d3f1e8d2.jpg', 1, '2025-08-15 21:35:34', '2025-08-15 21:35:36', 0);
INSERT INTO `photo` VALUES (728, 1, 'http://14.103.112.11:9000/sidifensen-blog/album/1/1/14d56ca203964a3da8f47316d3f1e8d2.jpg', 1, '2025-08-15 21:35:34', '2025-08-15 21:35:36', 0);
INSERT INTO `photo` VALUES (729, 1, 'http://14.103.112.11:9000/sidifensen-blog/album/1/1/14d56ca203964a3da8f47316d3f1e8d2.jpg', 1, '2025-08-15 21:35:34', '2025-08-15 21:35:36', 0);
INSERT INTO `photo` VALUES (730, 1, 'http://14.103.112.11:9000/sidifensen-blog/album/1/1/14d56ca203964a3da8f47316d3f1e8d2.jpg', 1, '2025-08-15 21:35:34', '2025-08-15 21:35:36', 0);
INSERT INTO `photo` VALUES (731, 1, 'http://14.103.112.11:9000/sidifensen-blog/album/1/1/14d56ca203964a3da8f47316d3f1e8d2.jpg', 1, '2025-08-15 21:35:34', '2025-08-15 21:35:36', 0);
INSERT INTO `photo` VALUES (732, 1, 'http://14.103.112.11:9000/sidifensen-blog/album/1/1/14d56ca203964a3da8f47316d3f1e8d2.jpg', 1, '2025-08-15 21:35:34', '2025-08-15 21:35:36', 0);
INSERT INTO `photo` VALUES (733, 1, 'http://14.103.112.11:9000/sidifensen-blog/album/1/1/14d56ca203964a3da8f47316d3f1e8d2.jpg', 1, '2025-08-15 21:35:34', '2025-08-15 21:35:36', 0);
INSERT INTO `photo` VALUES (734, 1, 'http://14.103.112.11:9000/sidifensen-blog/album/1/1/14d56ca203964a3da8f47316d3f1e8d2.jpg', 1, '2025-08-15 21:35:34', '2025-08-15 21:35:36', 0);
INSERT INTO `photo` VALUES (735, 1, 'http://14.103.112.11:9000/sidifensen-blog/album/1/1/14d56ca203964a3da8f47316d3f1e8d2.jpg', 1, '2025-08-15 21:35:34', '2025-08-15 21:35:36', 0);
INSERT INTO `photo` VALUES (736, 1, 'http://14.103.112.11:9000/sidifensen-blog/album/1/1/14d56ca203964a3da8f47316d3f1e8d2.jpg', 1, '2025-08-15 21:35:34', '2025-08-15 21:35:36', 0);
INSERT INTO `photo` VALUES (737, 1, 'http://14.103.112.11:9000/sidifensen-blog/album/1/1/14d56ca203964a3da8f47316d3f1e8d2.jpg', 1, '2025-08-15 21:35:34', '2025-08-15 21:35:36', 0);
INSERT INTO `photo` VALUES (738, 1, 'http://14.103.112.11:9000/sidifensen-blog/album/1/1/14d56ca203964a3da8f47316d3f1e8d2.jpg', 1, '2025-08-15 21:35:34', '2025-08-15 21:35:36', 0);
INSERT INTO `photo` VALUES (739, 1, 'http://14.103.112.11:9000/sidifensen-blog/album/1/1/14d56ca203964a3da8f47316d3f1e8d2.jpg', 1, '2025-08-15 21:35:34', '2025-08-15 21:35:36', 0);
INSERT INTO `photo` VALUES (740, 1, 'http://14.103.112.11:9000/sidifensen-blog/album/1/1/14d56ca203964a3da8f47316d3f1e8d2.jpg', 1, '2025-08-15 21:35:34', '2025-08-15 21:35:36', 0);
INSERT INTO `photo` VALUES (741, 1, 'http://14.103.112.11:9000/sidifensen-blog/album/1/1/14d56ca203964a3da8f47316d3f1e8d2.jpg', 1, '2025-08-15 21:35:34', '2025-08-15 21:35:36', 0);
INSERT INTO `photo` VALUES (742, 1, 'http://14.103.112.11:9000/sidifensen-blog/album/1/1/14d56ca203964a3da8f47316d3f1e8d2.jpg', 1, '2025-08-15 21:35:34', '2025-08-15 21:35:36', 0);
INSERT INTO `photo` VALUES (743, 1, 'http://14.103.112.11:9000/sidifensen-blog/album/1/1/14d56ca203964a3da8f47316d3f1e8d2.jpg', 1, '2025-08-15 21:35:34', '2025-08-15 21:35:36', 0);
INSERT INTO `photo` VALUES (744, 1, 'http://14.103.112.11:9000/sidifensen-blog/album/1/1/14d56ca203964a3da8f47316d3f1e8d2.jpg', 1, '2025-08-15 21:35:34', '2025-08-15 21:35:36', 0);
INSERT INTO `photo` VALUES (745, 1, 'http://14.103.112.11:9000/sidifensen-blog/album/1/1/14d56ca203964a3da8f47316d3f1e8d2.jpg', 1, '2025-08-15 21:35:34', '2025-08-15 21:35:36', 0);
INSERT INTO `photo` VALUES (746, 1, 'http://14.103.112.11:9000/sidifensen-blog/album/1/1/14d56ca203964a3da8f47316d3f1e8d2.jpg', 1, '2025-08-15 21:35:34', '2025-08-15 21:35:36', 0);
INSERT INTO `photo` VALUES (747, 1, 'http://14.103.112.11:9000/sidifensen-blog/album/1/1/14d56ca203964a3da8f47316d3f1e8d2.jpg', 1, '2025-08-15 21:35:34', '2025-08-15 21:35:36', 0);
INSERT INTO `photo` VALUES (748, 1, 'http://14.103.112.11:9000/sidifensen-blog/album/1/1/14d56ca203964a3da8f47316d3f1e8d2.jpg', 1, '2025-08-15 21:35:34', '2025-08-15 21:35:36', 0);
INSERT INTO `photo` VALUES (749, 1, 'http://14.103.112.11:9000/sidifensen-blog/album/1/1/14d56ca203964a3da8f47316d3f1e8d2.jpg', 1, '2025-08-15 21:35:34', '2025-08-15 21:35:36', 0);
INSERT INTO `photo` VALUES (750, 1, 'http://14.103.112.11:9000/sidifensen-blog/album/1/1/14d56ca203964a3da8f47316d3f1e8d2.jpg', 1, '2025-08-15 21:35:34', '2025-08-15 21:35:36', 0);
INSERT INTO `photo` VALUES (751, 1, 'http://14.103.112.11:9000/sidifensen-blog/album/1/1/14d56ca203964a3da8f47316d3f1e8d2.jpg', 1, '2025-08-15 21:35:34', '2025-08-15 21:35:36', 0);
INSERT INTO `photo` VALUES (752, 1, 'http://14.103.112.11:9000/sidifensen-blog/album/1/1/14d56ca203964a3da8f47316d3f1e8d2.jpg', 1, '2025-08-15 21:35:34', '2025-08-15 21:35:36', 0);
INSERT INTO `photo` VALUES (753, 1, 'http://14.103.112.11:9000/sidifensen-blog/album/1/1/14d56ca203964a3da8f47316d3f1e8d2.jpg', 1, '2025-08-15 21:35:34', '2025-08-15 21:35:36', 0);
INSERT INTO `photo` VALUES (754, 1, 'http://14.103.112.11:9000/sidifensen-blog/album/1/1/14d56ca203964a3da8f47316d3f1e8d2.jpg', 1, '2025-08-15 21:35:34', '2025-08-15 21:35:36', 0);
INSERT INTO `photo` VALUES (755, 1, 'http://14.103.112.11:9000/sidifensen-blog/album/1/1/14d56ca203964a3da8f47316d3f1e8d2.jpg', 1, '2025-08-15 21:35:34', '2025-08-15 21:35:36', 0);
INSERT INTO `photo` VALUES (756, 1, 'http://14.103.112.11:9000/sidifensen-blog/album/1/1/14d56ca203964a3da8f47316d3f1e8d2.jpg', 1, '2025-08-15 21:35:34', '2025-08-15 21:35:36', 0);
INSERT INTO `photo` VALUES (757, 1, 'http://14.103.112.11:9000/sidifensen-blog/album/1/1/14d56ca203964a3da8f47316d3f1e8d2.jpg', 1, '2025-08-15 21:35:34', '2025-08-15 21:35:36', 0);
INSERT INTO `photo` VALUES (758, 1, 'http://14.103.112.11:9000/sidifensen-blog/album/1/1/14d56ca203964a3da8f47316d3f1e8d2.jpg', 1, '2025-08-15 21:35:34', '2025-08-15 21:35:36', 0);
INSERT INTO `photo` VALUES (759, 1, 'http://14.103.112.11:9000/sidifensen-blog/album/1/1/14d56ca203964a3da8f47316d3f1e8d2.jpg', 1, '2025-08-15 21:35:34', '2025-08-15 21:35:36', 0);
INSERT INTO `photo` VALUES (760, 1, 'http://14.103.112.11:9000/sidifensen-blog/album/1/1/14d56ca203964a3da8f47316d3f1e8d2.jpg', 1, '2025-08-15 21:35:34', '2025-08-15 21:35:36', 0);
INSERT INTO `photo` VALUES (761, 1, 'http://14.103.112.11:9000/sidifensen-blog/album/1/1/14d56ca203964a3da8f47316d3f1e8d2.jpg', 1, '2025-08-15 21:35:34', '2025-08-15 21:35:36', 0);
INSERT INTO `photo` VALUES (762, 1, 'http://14.103.112.11:9000/sidifensen-blog/album/1/1/14d56ca203964a3da8f47316d3f1e8d2.jpg', 1, '2025-08-15 21:35:34', '2025-08-15 21:35:36', 0);
INSERT INTO `photo` VALUES (763, 1, 'http://14.103.112.11:9000/sidifensen-blog/album/1/1/14d56ca203964a3da8f47316d3f1e8d2.jpg', 1, '2025-08-15 21:35:34', '2025-08-15 21:35:36', 0);
INSERT INTO `photo` VALUES (764, 1, 'http://14.103.112.11:9000/sidifensen-blog/album/1/1/14d56ca203964a3da8f47316d3f1e8d2.jpg', 1, '2025-08-15 21:35:34', '2025-08-15 21:35:36', 0);
INSERT INTO `photo` VALUES (765, 1, 'http://14.103.112.11:9000/sidifensen-blog/album/1/1/14d56ca203964a3da8f47316d3f1e8d2.jpg', 1, '2025-08-15 21:35:34', '2025-08-15 21:35:36', 0);
INSERT INTO `photo` VALUES (766, 1, 'http://14.103.112.11:9000/sidifensen-blog/album/1/1/14d56ca203964a3da8f47316d3f1e8d2.jpg', 1, '2025-08-15 21:35:34', '2025-08-15 21:35:36', 0);
INSERT INTO `photo` VALUES (767, 1, 'http://14.103.112.11:9000/sidifensen-blog/album/1/1/14d56ca203964a3da8f47316d3f1e8d2.jpg', 1, '2025-08-15 21:35:34', '2025-08-15 21:35:36', 0);
INSERT INTO `photo` VALUES (768, 1, 'http://14.103.112.11:9000/sidifensen-blog/album/1/1/14d56ca203964a3da8f47316d3f1e8d2.jpg', 1, '2025-08-15 21:35:34', '2025-08-15 21:35:36', 0);
INSERT INTO `photo` VALUES (769, 1, 'http://14.103.112.11:9000/sidifensen-blog/album/1/1/14d56ca203964a3da8f47316d3f1e8d2.jpg', 1, '2025-08-15 21:35:34', '2025-08-15 21:35:36', 0);
INSERT INTO `photo` VALUES (770, 1, 'http://14.103.112.11:9000/sidifensen-blog/album/1/1/14d56ca203964a3da8f47316d3f1e8d2.jpg', 1, '2025-08-15 21:35:34', '2025-08-15 21:35:36', 0);
INSERT INTO `photo` VALUES (771, 1, 'http://14.103.112.11:9000/sidifensen-blog/album/1/1/14d56ca203964a3da8f47316d3f1e8d2.jpg', 1, '2025-08-15 21:35:34', '2025-08-15 21:35:36', 0);
INSERT INTO `photo` VALUES (772, 1, 'http://14.103.112.11:9000/sidifensen-blog/album/1/1/14d56ca203964a3da8f47316d3f1e8d2.jpg', 1, '2025-08-15 21:35:34', '2025-08-15 21:35:36', 0);
INSERT INTO `photo` VALUES (773, 1, 'http://14.103.112.11:9000/sidifensen-blog/album/1/1/14d56ca203964a3da8f47316d3f1e8d2.jpg', 1, '2025-08-15 21:35:34', '2025-08-15 21:35:36', 0);
INSERT INTO `photo` VALUES (774, 1, 'http://14.103.112.11:9000/sidifensen-blog/album/1/1/14d56ca203964a3da8f47316d3f1e8d2.jpg', 1, '2025-08-15 21:35:34', '2025-08-15 21:35:36', 0);
INSERT INTO `photo` VALUES (775, 1, 'http://14.103.112.11:9000/sidifensen-blog/album/1/1/14d56ca203964a3da8f47316d3f1e8d2.jpg', 1, '2025-08-15 21:35:34', '2025-08-15 21:35:36', 0);
INSERT INTO `photo` VALUES (776, 1, 'http://14.103.112.11:9000/sidifensen-blog/album/1/1/14d56ca203964a3da8f47316d3f1e8d2.jpg', 1, '2025-08-15 21:35:34', '2025-08-15 21:35:36', 0);
INSERT INTO `photo` VALUES (777, 1, 'http://14.103.112.11:9000/sidifensen-blog/album/1/1/14d56ca203964a3da8f47316d3f1e8d2.jpg', 1, '2025-08-15 21:35:34', '2025-08-15 21:35:36', 0);
INSERT INTO `photo` VALUES (778, 1, 'http://14.103.112.11:9000/sidifensen-blog/album/1/1/14d56ca203964a3da8f47316d3f1e8d2.jpg', 1, '2025-08-15 21:35:34', '2025-08-15 21:35:36', 0);
INSERT INTO `photo` VALUES (779, 1, 'http://14.103.112.11:9000/sidifensen-blog/album/1/1/14d56ca203964a3da8f47316d3f1e8d2.jpg', 1, '2025-08-15 21:35:34', '2025-08-15 21:35:36', 0);
INSERT INTO `photo` VALUES (780, 1, 'http://14.103.112.11:9000/sidifensen-blog/album/1/1/14d56ca203964a3da8f47316d3f1e8d2.jpg', 1, '2025-08-15 21:35:34', '2025-08-15 21:35:36', 0);
INSERT INTO `photo` VALUES (781, 1, 'http://14.103.112.11:9000/sidifensen-blog/album/1/1/14d56ca203964a3da8f47316d3f1e8d2.jpg', 1, '2025-08-15 21:35:34', '2025-08-15 21:35:36', 0);
INSERT INTO `photo` VALUES (782, 1, 'http://14.103.112.11:9000/sidifensen-blog/album/1/1/14d56ca203964a3da8f47316d3f1e8d2.jpg', 1, '2025-08-15 21:35:34', '2025-08-15 21:35:36', 0);
INSERT INTO `photo` VALUES (783, 1, 'http://14.103.112.11:9000/sidifensen-blog/album/1/1/14d56ca203964a3da8f47316d3f1e8d2.jpg', 1, '2025-08-15 21:35:34', '2025-08-15 21:35:36', 0);
INSERT INTO `photo` VALUES (784, 1, 'http://14.103.112.11:9000/sidifensen-blog/album/1/1/14d56ca203964a3da8f47316d3f1e8d2.jpg', 1, '2025-08-15 21:35:34', '2025-08-15 21:35:36', 0);
INSERT INTO `photo` VALUES (785, 1, 'http://14.103.112.11:9000/sidifensen-blog/album/1/1/14d56ca203964a3da8f47316d3f1e8d2.jpg', 1, '2025-08-15 21:35:34', '2025-08-15 21:35:36', 0);
INSERT INTO `photo` VALUES (786, 1, 'http://14.103.112.11:9000/sidifensen-blog/album/1/1/14d56ca203964a3da8f47316d3f1e8d2.jpg', 1, '2025-08-15 21:35:34', '2025-08-15 21:35:36', 0);
INSERT INTO `photo` VALUES (787, 1, 'http://14.103.112.11:9000/sidifensen-blog/album/1/1/14d56ca203964a3da8f47316d3f1e8d2.jpg', 1, '2025-08-15 21:35:34', '2025-08-15 21:35:36', 0);
INSERT INTO `photo` VALUES (788, 1, 'http://14.103.112.11:9000/sidifensen-blog/album/1/1/14d56ca203964a3da8f47316d3f1e8d2.jpg', 1, '2025-08-15 21:35:34', '2025-08-15 21:35:36', 0);
INSERT INTO `photo` VALUES (789, 1, 'http://14.103.112.11:9000/sidifensen-blog/album/1/1/14d56ca203964a3da8f47316d3f1e8d2.jpg', 1, '2025-08-15 21:35:34', '2025-08-15 21:35:36', 0);
INSERT INTO `photo` VALUES (790, 1, 'http://14.103.112.11:9000/sidifensen-blog/album/1/1/14d56ca203964a3da8f47316d3f1e8d2.jpg', 1, '2025-08-15 21:35:34', '2025-08-15 21:35:36', 0);
INSERT INTO `photo` VALUES (791, 1, 'http://14.103.112.11:9000/sidifensen-blog/album/1/1/14d56ca203964a3da8f47316d3f1e8d2.jpg', 1, '2025-08-15 21:35:34', '2025-08-15 21:35:36', 0);
INSERT INTO `photo` VALUES (792, 1, 'http://14.103.112.11:9000/sidifensen-blog/album/1/1/14d56ca203964a3da8f47316d3f1e8d2.jpg', 1, '2025-08-15 21:35:34', '2025-08-15 21:35:36', 0);
INSERT INTO `photo` VALUES (793, 1, 'http://14.103.112.11:9000/sidifensen-blog/album/1/1/14d56ca203964a3da8f47316d3f1e8d2.jpg', 1, '2025-08-15 21:35:34', '2025-08-15 21:35:36', 0);
INSERT INTO `photo` VALUES (794, 1, 'http://14.103.112.11:9000/sidifensen-blog/album/1/1/14d56ca203964a3da8f47316d3f1e8d2.jpg', 1, '2025-08-15 21:35:34', '2025-08-15 21:35:36', 0);
INSERT INTO `photo` VALUES (795, 1, 'http://14.103.112.11:9000/sidifensen-blog/album/1/1/14d56ca203964a3da8f47316d3f1e8d2.jpg', 1, '2025-08-15 21:35:34', '2025-08-15 21:35:36', 0);
INSERT INTO `photo` VALUES (796, 1, 'http://14.103.112.11:9000/sidifensen-blog/album/1/1/14d56ca203964a3da8f47316d3f1e8d2.jpg', 1, '2025-08-15 21:35:34', '2025-08-15 21:35:36', 0);
INSERT INTO `photo` VALUES (797, 1, 'http://14.103.112.11:9000/sidifensen-blog/album/1/1/14d56ca203964a3da8f47316d3f1e8d2.jpg', 1, '2025-08-15 21:35:34', '2025-08-15 21:35:36', 0);
INSERT INTO `photo` VALUES (798, 1, 'http://14.103.112.11:9000/sidifensen-blog/album/1/1/14d56ca203964a3da8f47316d3f1e8d2.jpg', 1, '2025-08-15 21:35:34', '2025-08-15 21:35:36', 0);
INSERT INTO `photo` VALUES (799, 1, 'http://14.103.112.11:9000/sidifensen-blog/album/1/1/14d56ca203964a3da8f47316d3f1e8d2.jpg', 1, '2025-08-15 21:35:34', '2025-08-15 21:35:36', 0);
INSERT INTO `photo` VALUES (800, 1, 'http://14.103.112.11:9000/sidifensen-blog/album/1/1/14d56ca203964a3da8f47316d3f1e8d2.jpg', 1, '2025-08-15 21:35:34', '2025-08-15 21:35:36', 0);
INSERT INTO `photo` VALUES (801, 1, 'http://14.103.112.11:9000/sidifensen-blog/album/1/1/14d56ca203964a3da8f47316d3f1e8d2.jpg', 1, '2025-08-15 21:35:34', '2025-08-15 21:35:36', 0);
INSERT INTO `photo` VALUES (802, 1, 'http://14.103.112.11:9000/sidifensen-blog/album/1/1/14d56ca203964a3da8f47316d3f1e8d2.jpg', 1, '2025-08-15 21:35:34', '2025-08-15 21:35:36', 0);
INSERT INTO `photo` VALUES (803, 1, 'http://14.103.112.11:9000/sidifensen-blog/album/1/1/14d56ca203964a3da8f47316d3f1e8d2.jpg', 1, '2025-08-15 21:35:34', '2025-08-15 21:35:36', 0);
INSERT INTO `photo` VALUES (804, 1, 'http://14.103.112.11:9000/sidifensen-blog/album/1/1/14d56ca203964a3da8f47316d3f1e8d2.jpg', 1, '2025-08-15 21:35:34', '2025-08-15 21:35:36', 0);
INSERT INTO `photo` VALUES (805, 1, 'http://14.103.112.11:9000/sidifensen-blog/album/1/1/14d56ca203964a3da8f47316d3f1e8d2.jpg', 1, '2025-08-15 21:35:34', '2025-08-15 21:35:36', 0);
INSERT INTO `photo` VALUES (806, 1, 'http://14.103.112.11:9000/sidifensen-blog/album/1/1/14d56ca203964a3da8f47316d3f1e8d2.jpg', 1, '2025-08-15 21:35:34', '2025-08-15 21:35:36', 0);
INSERT INTO `photo` VALUES (807, 1, 'http://14.103.112.11:9000/sidifensen-blog/album/1/1/14d56ca203964a3da8f47316d3f1e8d2.jpg', 1, '2025-08-15 21:35:34', '2025-08-15 21:35:36', 0);
INSERT INTO `photo` VALUES (808, 1, 'http://14.103.112.11:9000/sidifensen-blog/album/1/1/14d56ca203964a3da8f47316d3f1e8d2.jpg', 1, '2025-08-15 21:35:34', '2025-08-15 21:35:36', 0);
INSERT INTO `photo` VALUES (809, 1, 'http://14.103.112.11:9000/sidifensen-blog/album/1/1/14d56ca203964a3da8f47316d3f1e8d2.jpg', 1, '2025-08-15 21:35:34', '2025-08-15 21:35:36', 0);
INSERT INTO `photo` VALUES (810, 1, 'http://14.103.112.11:9000/sidifensen-blog/album/1/1/14d56ca203964a3da8f47316d3f1e8d2.jpg', 1, '2025-08-15 21:35:34', '2025-08-15 21:35:36', 0);
INSERT INTO `photo` VALUES (811, 1, 'http://14.103.112.11:9000/sidifensen-blog/album/1/1/14d56ca203964a3da8f47316d3f1e8d2.jpg', 1, '2025-08-15 21:35:34', '2025-08-15 21:35:36', 0);
INSERT INTO `photo` VALUES (812, 1, 'http://14.103.112.11:9000/sidifensen-blog/album/1/1/14d56ca203964a3da8f47316d3f1e8d2.jpg', 1, '2025-08-15 21:35:34', '2025-08-15 21:35:36', 0);
INSERT INTO `photo` VALUES (813, 1, 'http://14.103.112.11:9000/sidifensen-blog/album/1/1/14d56ca203964a3da8f47316d3f1e8d2.jpg', 1, '2025-08-15 21:35:34', '2025-08-15 21:35:36', 0);
INSERT INTO `photo` VALUES (814, 1, 'http://14.103.112.11:9000/sidifensen-blog/album/1/1/14d56ca203964a3da8f47316d3f1e8d2.jpg', 1, '2025-08-15 21:35:34', '2025-08-15 21:35:36', 0);
INSERT INTO `photo` VALUES (815, 1, 'http://14.103.112.11:9000/sidifensen-blog/album/1/1/14d56ca203964a3da8f47316d3f1e8d2.jpg', 1, '2025-08-15 21:35:34', '2025-08-15 21:35:36', 0);
INSERT INTO `photo` VALUES (816, 1, 'http://14.103.112.11:9000/sidifensen-blog/album/1/1/14d56ca203964a3da8f47316d3f1e8d2.jpg', 1, '2025-08-15 21:35:34', '2025-08-15 21:35:36', 0);
INSERT INTO `photo` VALUES (817, 1, 'http://14.103.112.11:9000/sidifensen-blog/album/1/1/14d56ca203964a3da8f47316d3f1e8d2.jpg', 1, '2025-08-15 21:35:34', '2025-08-15 21:35:36', 0);
INSERT INTO `photo` VALUES (818, 1, 'http://14.103.112.11:9000/sidifensen-blog/album/1/1/14d56ca203964a3da8f47316d3f1e8d2.jpg', 1, '2025-08-15 21:35:34', '2025-08-15 21:35:36', 0);
INSERT INTO `photo` VALUES (819, 1, 'http://14.103.112.11:9000/sidifensen-blog/album/1/1/14d56ca203964a3da8f47316d3f1e8d2.jpg', 1, '2025-08-15 21:35:34', '2025-08-15 21:35:36', 0);
INSERT INTO `photo` VALUES (820, 1, 'http://14.103.112.11:9000/sidifensen-blog/album/1/1/14d56ca203964a3da8f47316d3f1e8d2.jpg', 1, '2025-08-15 21:35:34', '2025-08-15 21:35:36', 0);
INSERT INTO `photo` VALUES (821, 1, 'http://14.103.112.11:9000/sidifensen-blog/album/1/1/14d56ca203964a3da8f47316d3f1e8d2.jpg', 1, '2025-08-15 21:35:34', '2025-08-15 21:35:36', 0);
INSERT INTO `photo` VALUES (822, 1, 'http://14.103.112.11:9000/sidifensen-blog/album/1/1/14d56ca203964a3da8f47316d3f1e8d2.jpg', 1, '2025-08-15 21:35:34', '2025-08-15 21:35:36', 0);
INSERT INTO `photo` VALUES (823, 1, 'http://14.103.112.11:9000/sidifensen-blog/album/1/1/14d56ca203964a3da8f47316d3f1e8d2.jpg', 1, '2025-08-15 21:35:34', '2025-08-15 21:35:36', 0);
INSERT INTO `photo` VALUES (824, 1, 'http://14.103.112.11:9000/sidifensen-blog/album/1/1/14d56ca203964a3da8f47316d3f1e8d2.jpg', 1, '2025-08-15 21:35:34', '2025-08-15 21:35:36', 0);
INSERT INTO `photo` VALUES (825, 1, 'http://14.103.112.11:9000/sidifensen-blog/album/1/1/14d56ca203964a3da8f47316d3f1e8d2.jpg', 1, '2025-08-15 21:35:34', '2025-08-15 21:35:36', 0);
INSERT INTO `photo` VALUES (826, 1, 'http://14.103.112.11:9000/sidifensen-blog/album/1/1/14d56ca203964a3da8f47316d3f1e8d2.jpg', 1, '2025-08-15 21:35:34', '2025-08-15 21:35:36', 0);
INSERT INTO `photo` VALUES (827, 1, 'http://14.103.112.11:9000/sidifensen-blog/album/1/1/14d56ca203964a3da8f47316d3f1e8d2.jpg', 1, '2025-08-15 21:35:34', '2025-08-15 21:35:36', 0);
INSERT INTO `photo` VALUES (828, 1, 'http://14.103.112.11:9000/sidifensen-blog/album/1/1/14d56ca203964a3da8f47316d3f1e8d2.jpg', 1, '2025-08-15 21:35:34', '2025-08-15 21:35:36', 0);
INSERT INTO `photo` VALUES (829, 1, 'http://14.103.112.11:9000/sidifensen-blog/album/1/1/14d56ca203964a3da8f47316d3f1e8d2.jpg', 1, '2025-08-15 21:35:34', '2025-08-15 21:35:36', 0);
INSERT INTO `photo` VALUES (830, 1, 'http://14.103.112.11:9000/sidifensen-blog/album/1/1/14d56ca203964a3da8f47316d3f1e8d2.jpg', 1, '2025-08-15 21:35:34', '2025-08-15 21:35:36', 0);
INSERT INTO `photo` VALUES (831, 1, 'http://14.103.112.11:9000/sidifensen-blog/album/1/1/14d56ca203964a3da8f47316d3f1e8d2.jpg', 1, '2025-08-15 21:35:34', '2025-08-15 21:35:36', 0);
INSERT INTO `photo` VALUES (832, 1, 'http://14.103.112.11:9000/sidifensen-blog/album/1/1/14d56ca203964a3da8f47316d3f1e8d2.jpg', 1, '2025-08-15 21:35:34', '2025-08-15 21:35:36', 0);
INSERT INTO `photo` VALUES (833, 1, 'http://14.103.112.11:9000/sidifensen-blog/album/1/1/14d56ca203964a3da8f47316d3f1e8d2.jpg', 1, '2025-08-15 21:35:34', '2025-08-15 21:35:36', 0);
INSERT INTO `photo` VALUES (834, 1, 'http://14.103.112.11:9000/sidifensen-blog/album/1/1/14d56ca203964a3da8f47316d3f1e8d2.jpg', 1, '2025-08-15 21:35:34', '2025-08-15 21:35:36', 0);
INSERT INTO `photo` VALUES (835, 1, 'http://14.103.112.11:9000/sidifensen-blog/album/1/1/14d56ca203964a3da8f47316d3f1e8d2.jpg', 1, '2025-08-15 21:35:34', '2025-08-15 21:35:36', 0);
INSERT INTO `photo` VALUES (836, 1, 'http://14.103.112.11:9000/sidifensen-blog/album/1/1/14d56ca203964a3da8f47316d3f1e8d2.jpg', 1, '2025-08-15 21:35:34', '2025-08-15 21:35:36', 0);
INSERT INTO `photo` VALUES (837, 1, 'http://14.103.112.11:9000/sidifensen-blog/album/1/1/14d56ca203964a3da8f47316d3f1e8d2.jpg', 1, '2025-08-15 21:35:34', '2025-08-15 21:35:36', 0);
INSERT INTO `photo` VALUES (838, 1, 'http://14.103.112.11:9000/sidifensen-blog/album/1/1/14d56ca203964a3da8f47316d3f1e8d2.jpg', 1, '2025-08-15 21:35:34', '2025-08-15 21:35:36', 0);
INSERT INTO `photo` VALUES (839, 1, 'http://14.103.112.11:9000/sidifensen-blog/album/1/1/14d56ca203964a3da8f47316d3f1e8d2.jpg', 1, '2025-08-15 21:35:34', '2025-08-15 21:35:36', 0);
INSERT INTO `photo` VALUES (840, 1, 'http://14.103.112.11:9000/sidifensen-blog/album/1/1/14d56ca203964a3da8f47316d3f1e8d2.jpg', 1, '2025-08-15 21:35:34', '2025-08-15 21:35:36', 0);
INSERT INTO `photo` VALUES (841, 1, 'http://14.103.112.11:9000/sidifensen-blog/album/1/1/14d56ca203964a3da8f47316d3f1e8d2.jpg', 1, '2025-08-15 21:35:34', '2025-08-15 21:35:36', 0);
INSERT INTO `photo` VALUES (842, 1, 'http://14.103.112.11:9000/sidifensen-blog/album/1/1/14d56ca203964a3da8f47316d3f1e8d2.jpg', 1, '2025-08-15 21:35:34', '2025-08-15 21:35:36', 0);
INSERT INTO `photo` VALUES (843, 1, 'http://14.103.112.11:9000/sidifensen-blog/album/1/1/14d56ca203964a3da8f47316d3f1e8d2.jpg', 1, '2025-08-15 21:35:34', '2025-08-15 21:35:36', 0);
INSERT INTO `photo` VALUES (844, 1, 'http://14.103.112.11:9000/sidifensen-blog/album/1/1/14d56ca203964a3da8f47316d3f1e8d2.jpg', 1, '2025-08-15 21:35:34', '2025-08-15 21:35:36', 0);
INSERT INTO `photo` VALUES (845, 1, 'http://14.103.112.11:9000/sidifensen-blog/album/1/1/14d56ca203964a3da8f47316d3f1e8d2.jpg', 1, '2025-08-15 21:35:34', '2025-08-15 21:35:36', 0);
INSERT INTO `photo` VALUES (846, 1, 'http://14.103.112.11:9000/sidifensen-blog/album/1/1/14d56ca203964a3da8f47316d3f1e8d2.jpg', 1, '2025-08-15 21:35:34', '2025-08-15 21:35:36', 0);
INSERT INTO `photo` VALUES (847, 1, 'http://14.103.112.11:9000/sidifensen-blog/album/1/1/14d56ca203964a3da8f47316d3f1e8d2.jpg', 1, '2025-08-15 21:35:34', '2025-08-15 21:35:36', 0);
INSERT INTO `photo` VALUES (848, 1, 'http://14.103.112.11:9000/sidifensen-blog/album/1/1/14d56ca203964a3da8f47316d3f1e8d2.jpg', 1, '2025-08-15 21:35:34', '2025-08-15 21:35:36', 0);
INSERT INTO `photo` VALUES (849, 1, 'http://14.103.112.11:9000/sidifensen-blog/album/1/1/14d56ca203964a3da8f47316d3f1e8d2.jpg', 1, '2025-08-15 21:35:34', '2025-08-15 21:35:36', 0);
INSERT INTO `photo` VALUES (850, 1, 'http://14.103.112.11:9000/sidifensen-blog/album/1/1/14d56ca203964a3da8f47316d3f1e8d2.jpg', 1, '2025-08-15 21:35:34', '2025-08-15 21:35:36', 0);
INSERT INTO `photo` VALUES (851, 1, 'http://14.103.112.11:9000/sidifensen-blog/album/1/1/14d56ca203964a3da8f47316d3f1e8d2.jpg', 1, '2025-08-15 21:35:34', '2025-08-15 21:35:36', 0);
INSERT INTO `photo` VALUES (852, 1, 'http://14.103.112.11:9000/sidifensen-blog/album/1/1/14d56ca203964a3da8f47316d3f1e8d2.jpg', 1, '2025-08-15 21:35:34', '2025-08-15 21:35:36', 0);
INSERT INTO `photo` VALUES (853, 1, 'http://14.103.112.11:9000/sidifensen-blog/album/1/1/14d56ca203964a3da8f47316d3f1e8d2.jpg', 1, '2025-08-15 21:35:34', '2025-08-15 21:35:36', 0);
INSERT INTO `photo` VALUES (854, 1, 'http://14.103.112.11:9000/sidifensen-blog/album/1/1/14d56ca203964a3da8f47316d3f1e8d2.jpg', 1, '2025-08-15 21:35:34', '2025-08-15 21:35:36', 0);
INSERT INTO `photo` VALUES (855, 1, 'http://14.103.112.11:9000/sidifensen-blog/album/1/1/14d56ca203964a3da8f47316d3f1e8d2.jpg', 1, '2025-08-15 21:35:34', '2025-08-15 21:35:36', 0);
INSERT INTO `photo` VALUES (856, 1, 'http://14.103.112.11:9000/sidifensen-blog/album/1/1/14d56ca203964a3da8f47316d3f1e8d2.jpg', 1, '2025-08-15 21:35:34', '2025-08-15 21:35:36', 0);
INSERT INTO `photo` VALUES (857, 1, 'http://14.103.112.11:9000/sidifensen-blog/album/1/1/14d56ca203964a3da8f47316d3f1e8d2.jpg', 1, '2025-08-15 21:35:34', '2025-08-15 21:35:36', 0);
INSERT INTO `photo` VALUES (858, 1, 'http://14.103.112.11:9000/sidifensen-blog/album/1/1/14d56ca203964a3da8f47316d3f1e8d2.jpg', 1, '2025-08-15 21:35:34', '2025-08-15 21:35:36', 0);
INSERT INTO `photo` VALUES (859, 1, 'http://14.103.112.11:9000/sidifensen-blog/album/1/1/14d56ca203964a3da8f47316d3f1e8d2.jpg', 1, '2025-08-15 21:35:34', '2025-08-15 21:35:36', 0);
INSERT INTO `photo` VALUES (860, 1, 'http://14.103.112.11:9000/sidifensen-blog/album/1/1/14d56ca203964a3da8f47316d3f1e8d2.jpg', 1, '2025-08-15 21:35:34', '2025-08-15 21:35:36', 0);
INSERT INTO `photo` VALUES (861, 1, 'http://14.103.112.11:9000/sidifensen-blog/album/1/1/14d56ca203964a3da8f47316d3f1e8d2.jpg', 1, '2025-08-15 21:35:34', '2025-08-15 21:35:36', 0);
INSERT INTO `photo` VALUES (862, 1, 'http://14.103.112.11:9000/sidifensen-blog/album/1/1/14d56ca203964a3da8f47316d3f1e8d2.jpg', 1, '2025-08-15 21:35:34', '2025-08-15 21:35:36', 0);
INSERT INTO `photo` VALUES (863, 1, 'http://14.103.112.11:9000/sidifensen-blog/album/1/1/14d56ca203964a3da8f47316d3f1e8d2.jpg', 1, '2025-08-15 21:35:34', '2025-08-15 21:35:36', 0);
INSERT INTO `photo` VALUES (864, 1, 'http://14.103.112.11:9000/sidifensen-blog/album/1/1/14d56ca203964a3da8f47316d3f1e8d2.jpg', 1, '2025-08-15 21:35:34', '2025-08-15 21:35:36', 0);
INSERT INTO `photo` VALUES (865, 1, 'http://14.103.112.11:9000/sidifensen-blog/album/1/1/14d56ca203964a3da8f47316d3f1e8d2.jpg', 1, '2025-08-15 21:35:34', '2025-08-15 21:35:36', 0);
INSERT INTO `photo` VALUES (866, 1, 'http://14.103.112.11:9000/sidifensen-blog/album/1/1/14d56ca203964a3da8f47316d3f1e8d2.jpg', 1, '2025-08-15 21:35:34', '2025-08-15 21:35:36', 0);
INSERT INTO `photo` VALUES (867, 1, 'http://14.103.112.11:9000/sidifensen-blog/album/1/1/14d56ca203964a3da8f47316d3f1e8d2.jpg', 1, '2025-08-15 21:35:34', '2025-08-15 21:35:36', 0);
INSERT INTO `photo` VALUES (868, 1, 'http://14.103.112.11:9000/sidifensen-blog/album/1/1/14d56ca203964a3da8f47316d3f1e8d2.jpg', 1, '2025-08-15 21:35:34', '2025-08-15 21:35:36', 0);
INSERT INTO `photo` VALUES (869, 1, 'http://14.103.112.11:9000/sidifensen-blog/album/1/1/14d56ca203964a3da8f47316d3f1e8d2.jpg', 1, '2025-08-15 21:35:34', '2025-08-15 21:35:36', 0);
INSERT INTO `photo` VALUES (870, 1, 'http://14.103.112.11:9000/sidifensen-blog/album/1/1/14d56ca203964a3da8f47316d3f1e8d2.jpg', 1, '2025-08-15 21:35:34', '2025-08-15 21:35:36', 0);
INSERT INTO `photo` VALUES (871, 1, 'http://14.103.112.11:9000/sidifensen-blog/album/1/1/14d56ca203964a3da8f47316d3f1e8d2.jpg', 1, '2025-08-15 21:35:34', '2025-08-15 21:35:36', 0);
INSERT INTO `photo` VALUES (872, 1, 'http://14.103.112.11:9000/sidifensen-blog/album/1/1/14d56ca203964a3da8f47316d3f1e8d2.jpg', 1, '2025-08-15 21:35:34', '2025-08-15 21:35:36', 0);
INSERT INTO `photo` VALUES (873, 1, 'http://14.103.112.11:9000/sidifensen-blog/album/1/1/14d56ca203964a3da8f47316d3f1e8d2.jpg', 1, '2025-08-15 21:35:34', '2025-08-15 21:35:36', 0);
INSERT INTO `photo` VALUES (874, 1, 'http://14.103.112.11:9000/sidifensen-blog/album/1/1/14d56ca203964a3da8f47316d3f1e8d2.jpg', 1, '2025-08-15 21:35:34', '2025-08-15 21:35:36', 0);
INSERT INTO `photo` VALUES (875, 1, 'http://14.103.112.11:9000/sidifensen-blog/album/1/1/14d56ca203964a3da8f47316d3f1e8d2.jpg', 1, '2025-08-15 21:35:34', '2025-08-15 21:35:36', 0);
INSERT INTO `photo` VALUES (876, 1, 'http://14.103.112.11:9000/sidifensen-blog/album/1/1/14d56ca203964a3da8f47316d3f1e8d2.jpg', 1, '2025-08-15 21:35:34', '2025-08-15 21:35:36', 0);
INSERT INTO `photo` VALUES (877, 1, 'http://14.103.112.11:9000/sidifensen-blog/album/1/1/14d56ca203964a3da8f47316d3f1e8d2.jpg', 1, '2025-08-15 21:35:34', '2025-08-15 21:35:36', 0);
INSERT INTO `photo` VALUES (878, 1, 'http://14.103.112.11:9000/sidifensen-blog/album/1/1/14d56ca203964a3da8f47316d3f1e8d2.jpg', 1, '2025-08-15 21:35:34', '2025-08-15 21:35:36', 0);
INSERT INTO `photo` VALUES (879, 1, 'http://14.103.112.11:9000/sidifensen-blog/album/1/1/14d56ca203964a3da8f47316d3f1e8d2.jpg', 1, '2025-08-15 21:35:34', '2025-08-15 21:35:36', 0);
INSERT INTO `photo` VALUES (880, 1, 'http://14.103.112.11:9000/sidifensen-blog/album/1/1/14d56ca203964a3da8f47316d3f1e8d2.jpg', 1, '2025-08-15 21:35:34', '2025-08-15 21:35:36', 0);
INSERT INTO `photo` VALUES (881, 1, 'http://14.103.112.11:9000/sidifensen-blog/album/1/1/14d56ca203964a3da8f47316d3f1e8d2.jpg', 1, '2025-08-15 21:35:34', '2025-08-15 21:35:36', 0);
INSERT INTO `photo` VALUES (882, 1, 'http://14.103.112.11:9000/sidifensen-blog/album/1/1/14d56ca203964a3da8f47316d3f1e8d2.jpg', 1, '2025-08-15 21:35:34', '2025-08-15 21:35:36', 0);
INSERT INTO `photo` VALUES (883, 1, 'http://14.103.112.11:9000/sidifensen-blog/album/1/1/14d56ca203964a3da8f47316d3f1e8d2.jpg', 1, '2025-08-15 21:35:34', '2025-08-15 21:35:36', 0);
INSERT INTO `photo` VALUES (884, 1, 'http://14.103.112.11:9000/sidifensen-blog/album/1/1/14d56ca203964a3da8f47316d3f1e8d2.jpg', 1, '2025-08-15 21:35:34', '2025-08-15 21:35:36', 0);
INSERT INTO `photo` VALUES (885, 1, 'http://14.103.112.11:9000/sidifensen-blog/album/1/1/14d56ca203964a3da8f47316d3f1e8d2.jpg', 1, '2025-08-15 21:35:34', '2025-08-15 21:35:36', 0);
INSERT INTO `photo` VALUES (886, 1, 'http://14.103.112.11:9000/sidifensen-blog/album/1/1/14d56ca203964a3da8f47316d3f1e8d2.jpg', 1, '2025-08-15 21:35:34', '2025-08-15 21:35:36', 0);
INSERT INTO `photo` VALUES (887, 1, 'http://14.103.112.11:9000/sidifensen-blog/album/1/1/14d56ca203964a3da8f47316d3f1e8d2.jpg', 1, '2025-08-15 21:35:34', '2025-08-15 21:35:36', 0);
INSERT INTO `photo` VALUES (888, 1, 'http://14.103.112.11:9000/sidifensen-blog/album/1/1/14d56ca203964a3da8f47316d3f1e8d2.jpg', 1, '2025-08-15 21:35:34', '2025-08-15 21:35:36', 0);
INSERT INTO `photo` VALUES (889, 1, 'http://14.103.112.11:9000/sidifensen-blog/album/1/1/14d56ca203964a3da8f47316d3f1e8d2.jpg', 1, '2025-08-15 21:35:34', '2025-08-15 21:35:36', 0);
INSERT INTO `photo` VALUES (890, 1, 'http://14.103.112.11:9000/sidifensen-blog/album/1/1/14d56ca203964a3da8f47316d3f1e8d2.jpg', 1, '2025-08-15 21:35:34', '2025-08-15 21:35:36', 0);
INSERT INTO `photo` VALUES (891, 1, 'http://14.103.112.11:9000/sidifensen-blog/album/1/1/14d56ca203964a3da8f47316d3f1e8d2.jpg', 1, '2025-08-15 21:35:34', '2025-08-15 21:35:36', 0);
INSERT INTO `photo` VALUES (892, 1, 'http://14.103.112.11:9000/sidifensen-blog/album/1/1/14d56ca203964a3da8f47316d3f1e8d2.jpg', 1, '2025-08-15 21:35:34', '2025-08-15 21:35:36', 0);
INSERT INTO `photo` VALUES (893, 1, 'http://14.103.112.11:9000/sidifensen-blog/album/1/1/14d56ca203964a3da8f47316d3f1e8d2.jpg', 1, '2025-08-15 21:35:34', '2025-08-15 21:35:36', 0);
INSERT INTO `photo` VALUES (894, 1, 'http://14.103.112.11:9000/sidifensen-blog/album/1/1/14d56ca203964a3da8f47316d3f1e8d2.jpg', 1, '2025-08-15 21:35:34', '2025-08-15 21:35:36', 0);
INSERT INTO `photo` VALUES (895, 1, 'http://14.103.112.11:9000/sidifensen-blog/album/1/1/14d56ca203964a3da8f47316d3f1e8d2.jpg', 1, '2025-08-15 21:35:34', '2025-08-15 21:35:36', 0);
INSERT INTO `photo` VALUES (896, 1, 'http://14.103.112.11:9000/sidifensen-blog/album/1/1/14d56ca203964a3da8f47316d3f1e8d2.jpg', 1, '2025-08-15 21:35:34', '2025-08-15 21:35:36', 0);
INSERT INTO `photo` VALUES (897, 1, 'http://14.103.112.11:9000/sidifensen-blog/album/1/1/14d56ca203964a3da8f47316d3f1e8d2.jpg', 1, '2025-08-15 21:35:34', '2025-08-15 21:35:36', 0);
INSERT INTO `photo` VALUES (898, 1, 'http://14.103.112.11:9000/sidifensen-blog/album/1/1/14d56ca203964a3da8f47316d3f1e8d2.jpg', 1, '2025-08-15 21:35:34', '2025-08-15 21:35:36', 0);
INSERT INTO `photo` VALUES (899, 1, 'http://14.103.112.11:9000/sidifensen-blog/album/1/1/14d56ca203964a3da8f47316d3f1e8d2.jpg', 1, '2025-08-15 21:35:34', '2025-08-15 21:35:36', 0);
INSERT INTO `photo` VALUES (900, 1, 'http://14.103.112.11:9000/sidifensen-blog/album/1/1/14d56ca203964a3da8f47316d3f1e8d2.jpg', 1, '2025-08-15 21:35:34', '2025-08-15 21:35:36', 0);
INSERT INTO `photo` VALUES (901, 1, 'http://14.103.112.11:9000/sidifensen-blog/album/1/1/14d56ca203964a3da8f47316d3f1e8d2.jpg', 1, '2025-08-15 21:35:34', '2025-08-15 21:35:36', 0);
INSERT INTO `photo` VALUES (902, 1, 'http://14.103.112.11:9000/sidifensen-blog/album/1/1/14d56ca203964a3da8f47316d3f1e8d2.jpg', 1, '2025-08-15 21:35:34', '2025-08-15 21:35:36', 0);
INSERT INTO `photo` VALUES (903, 1, 'http://14.103.112.11:9000/sidifensen-blog/album/1/1/14d56ca203964a3da8f47316d3f1e8d2.jpg', 1, '2025-08-15 21:35:34', '2025-08-15 21:35:36', 0);
INSERT INTO `photo` VALUES (904, 1, 'http://14.103.112.11:9000/sidifensen-blog/album/1/1/14d56ca203964a3da8f47316d3f1e8d2.jpg', 1, '2025-08-15 21:35:34', '2025-08-15 21:35:36', 0);
INSERT INTO `photo` VALUES (905, 1, 'http://14.103.112.11:9000/sidifensen-blog/album/1/1/14d56ca203964a3da8f47316d3f1e8d2.jpg', 1, '2025-08-15 21:35:34', '2025-08-15 21:35:36', 0);
INSERT INTO `photo` VALUES (906, 1, 'http://14.103.112.11:9000/sidifensen-blog/album/1/1/14d56ca203964a3da8f47316d3f1e8d2.jpg', 1, '2025-08-15 21:35:34', '2025-08-15 21:35:36', 0);
INSERT INTO `photo` VALUES (907, 1, 'http://14.103.112.11:9000/sidifensen-blog/album/1/1/14d56ca203964a3da8f47316d3f1e8d2.jpg', 1, '2025-08-15 21:35:34', '2025-08-15 21:35:36', 0);
INSERT INTO `photo` VALUES (908, 1, 'http://14.103.112.11:9000/sidifensen-blog/album/1/1/14d56ca203964a3da8f47316d3f1e8d2.jpg', 1, '2025-08-15 21:35:34', '2025-08-15 21:35:36', 0);
INSERT INTO `photo` VALUES (909, 1, 'http://14.103.112.11:9000/sidifensen-blog/album/1/1/14d56ca203964a3da8f47316d3f1e8d2.jpg', 1, '2025-08-15 21:35:34', '2025-08-15 21:35:36', 0);
INSERT INTO `photo` VALUES (910, 1, 'http://14.103.112.11:9000/sidifensen-blog/album/1/1/14d56ca203964a3da8f47316d3f1e8d2.jpg', 1, '2025-08-15 21:35:34', '2025-08-15 21:35:36', 0);
INSERT INTO `photo` VALUES (911, 1, 'http://14.103.112.11:9000/sidifensen-blog/album/1/1/14d56ca203964a3da8f47316d3f1e8d2.jpg', 1, '2025-08-15 21:35:34', '2025-08-15 21:35:36', 0);
INSERT INTO `photo` VALUES (912, 1, 'http://14.103.112.11:9000/sidifensen-blog/album/1/1/14d56ca203964a3da8f47316d3f1e8d2.jpg', 1, '2025-08-15 21:35:34', '2025-08-15 21:35:36', 0);
INSERT INTO `photo` VALUES (913, 1, 'http://14.103.112.11:9000/sidifensen-blog/album/1/1/14d56ca203964a3da8f47316d3f1e8d2.jpg', 1, '2025-08-15 21:35:34', '2025-08-15 21:35:36', 0);
INSERT INTO `photo` VALUES (914, 1, 'http://14.103.112.11:9000/sidifensen-blog/album/1/1/14d56ca203964a3da8f47316d3f1e8d2.jpg', 1, '2025-08-15 21:35:34', '2025-08-15 21:35:36', 0);
INSERT INTO `photo` VALUES (915, 1, 'http://14.103.112.11:9000/sidifensen-blog/album/1/1/14d56ca203964a3da8f47316d3f1e8d2.jpg', 1, '2025-08-15 21:35:34', '2025-08-15 21:35:36', 0);
INSERT INTO `photo` VALUES (916, 1, 'http://14.103.112.11:9000/sidifensen-blog/album/1/1/14d56ca203964a3da8f47316d3f1e8d2.jpg', 1, '2025-08-15 21:35:34', '2025-08-15 21:35:36', 0);
INSERT INTO `photo` VALUES (917, 1, 'http://14.103.112.11:9000/sidifensen-blog/album/1/1/14d56ca203964a3da8f47316d3f1e8d2.jpg', 1, '2025-08-15 21:35:34', '2025-08-15 21:35:36', 0);
INSERT INTO `photo` VALUES (918, 1, 'http://14.103.112.11:9000/sidifensen-blog/album/1/1/14d56ca203964a3da8f47316d3f1e8d2.jpg', 1, '2025-08-15 21:35:34', '2025-08-15 21:35:36', 0);
INSERT INTO `photo` VALUES (919, 1, 'http://14.103.112.11:9000/sidifensen-blog/album/1/1/14d56ca203964a3da8f47316d3f1e8d2.jpg', 1, '2025-08-15 21:35:34', '2025-08-15 21:35:36', 0);
INSERT INTO `photo` VALUES (920, 1, 'http://14.103.112.11:9000/sidifensen-blog/album/1/1/14d56ca203964a3da8f47316d3f1e8d2.jpg', 1, '2025-08-15 21:35:34', '2025-08-15 21:35:36', 0);
INSERT INTO `photo` VALUES (921, 1, 'http://14.103.112.11:9000/sidifensen-blog/album/1/1/14d56ca203964a3da8f47316d3f1e8d2.jpg', 1, '2025-08-15 21:35:34', '2025-08-15 21:35:36', 0);
INSERT INTO `photo` VALUES (922, 1, 'http://14.103.112.11:9000/sidifensen-blog/album/1/1/14d56ca203964a3da8f47316d3f1e8d2.jpg', 1, '2025-08-15 21:35:34', '2025-08-15 21:35:36', 0);
INSERT INTO `photo` VALUES (923, 1, 'http://14.103.112.11:9000/sidifensen-blog/album/1/1/14d56ca203964a3da8f47316d3f1e8d2.jpg', 1, '2025-08-15 21:35:34', '2025-08-15 21:35:36', 0);
INSERT INTO `photo` VALUES (924, 1, 'http://14.103.112.11:9000/sidifensen-blog/album/1/1/14d56ca203964a3da8f47316d3f1e8d2.jpg', 1, '2025-08-15 21:35:34', '2025-08-15 21:35:36', 0);
INSERT INTO `photo` VALUES (925, 1, 'http://14.103.112.11:9000/sidifensen-blog/album/1/1/14d56ca203964a3da8f47316d3f1e8d2.jpg', 1, '2025-08-15 21:35:34', '2025-08-15 21:35:36', 0);
INSERT INTO `photo` VALUES (926, 1, 'http://14.103.112.11:9000/sidifensen-blog/album/1/1/14d56ca203964a3da8f47316d3f1e8d2.jpg', 1, '2025-08-15 21:35:34', '2025-08-15 21:35:36', 0);
INSERT INTO `photo` VALUES (927, 1, 'http://14.103.112.11:9000/sidifensen-blog/album/1/1/14d56ca203964a3da8f47316d3f1e8d2.jpg', 1, '2025-08-15 21:35:34', '2025-08-15 21:35:36', 0);
INSERT INTO `photo` VALUES (928, 1, 'http://14.103.112.11:9000/sidifensen-blog/album/1/1/14d56ca203964a3da8f47316d3f1e8d2.jpg', 1, '2025-08-15 21:35:34', '2025-08-15 21:35:36', 0);
INSERT INTO `photo` VALUES (929, 1, 'http://14.103.112.11:9000/sidifensen-blog/album/1/1/14d56ca203964a3da8f47316d3f1e8d2.jpg', 1, '2025-08-15 21:35:34', '2025-08-15 21:35:36', 0);
INSERT INTO `photo` VALUES (930, 1, 'http://14.103.112.11:9000/sidifensen-blog/album/1/1/14d56ca203964a3da8f47316d3f1e8d2.jpg', 1, '2025-08-15 21:35:34', '2025-08-15 21:35:36', 0);
INSERT INTO `photo` VALUES (931, 1, 'http://14.103.112.11:9000/sidifensen-blog/album/1/1/14d56ca203964a3da8f47316d3f1e8d2.jpg', 1, '2025-08-15 21:35:34', '2025-08-15 21:35:36', 0);
INSERT INTO `photo` VALUES (932, 1, 'http://14.103.112.11:9000/sidifensen-blog/album/1/1/14d56ca203964a3da8f47316d3f1e8d2.jpg', 1, '2025-08-15 21:35:34', '2025-08-15 21:35:36', 0);
INSERT INTO `photo` VALUES (933, 1, 'http://14.103.112.11:9000/sidifensen-blog/album/1/1/14d56ca203964a3da8f47316d3f1e8d2.jpg', 1, '2025-08-15 21:35:34', '2025-08-15 21:35:36', 0);
INSERT INTO `photo` VALUES (934, 1, 'http://14.103.112.11:9000/sidifensen-blog/album/1/1/14d56ca203964a3da8f47316d3f1e8d2.jpg', 1, '2025-08-15 21:35:34', '2025-08-15 21:35:36', 0);
INSERT INTO `photo` VALUES (935, 1, 'http://14.103.112.11:9000/sidifensen-blog/album/1/1/14d56ca203964a3da8f47316d3f1e8d2.jpg', 1, '2025-08-15 21:35:34', '2025-08-15 21:35:36', 0);
INSERT INTO `photo` VALUES (936, 1, 'http://14.103.112.11:9000/sidifensen-blog/album/1/1/14d56ca203964a3da8f47316d3f1e8d2.jpg', 1, '2025-08-15 21:35:34', '2025-08-15 21:35:36', 0);
INSERT INTO `photo` VALUES (937, 1, 'http://14.103.112.11:9000/sidifensen-blog/album/1/1/14d56ca203964a3da8f47316d3f1e8d2.jpg', 1, '2025-08-15 21:35:34', '2025-08-15 21:35:36', 0);
INSERT INTO `photo` VALUES (938, 1, 'http://14.103.112.11:9000/sidifensen-blog/album/1/1/14d56ca203964a3da8f47316d3f1e8d2.jpg', 1, '2025-08-15 21:35:34', '2025-08-15 21:35:36', 0);
INSERT INTO `photo` VALUES (939, 1, 'http://14.103.112.11:9000/sidifensen-blog/album/1/1/14d56ca203964a3da8f47316d3f1e8d2.jpg', 1, '2025-08-15 21:35:34', '2025-08-15 21:35:36', 0);
INSERT INTO `photo` VALUES (940, 1, 'http://14.103.112.11:9000/sidifensen-blog/album/1/1/14d56ca203964a3da8f47316d3f1e8d2.jpg', 1, '2025-08-15 21:35:34', '2025-08-15 21:35:36', 0);
INSERT INTO `photo` VALUES (941, 1, 'http://14.103.112.11:9000/sidifensen-blog/album/1/1/14d56ca203964a3da8f47316d3f1e8d2.jpg', 1, '2025-08-15 21:35:34', '2025-08-15 21:35:36', 0);
INSERT INTO `photo` VALUES (942, 1, 'http://14.103.112.11:9000/sidifensen-blog/album/1/1/14d56ca203964a3da8f47316d3f1e8d2.jpg', 1, '2025-08-15 21:35:34', '2025-08-15 21:35:36', 0);
INSERT INTO `photo` VALUES (943, 1, 'http://14.103.112.11:9000/sidifensen-blog/album/1/1/14d56ca203964a3da8f47316d3f1e8d2.jpg', 1, '2025-08-15 21:35:34', '2025-08-15 21:35:36', 0);
INSERT INTO `photo` VALUES (944, 1, 'http://14.103.112.11:9000/sidifensen-blog/album/1/1/14d56ca203964a3da8f47316d3f1e8d2.jpg', 1, '2025-08-15 21:35:34', '2025-08-15 21:35:36', 0);
INSERT INTO `photo` VALUES (945, 1, 'http://14.103.112.11:9000/sidifensen-blog/album/1/1/14d56ca203964a3da8f47316d3f1e8d2.jpg', 1, '2025-08-15 21:35:34', '2025-08-15 21:35:36', 0);
INSERT INTO `photo` VALUES (946, 1, 'http://14.103.112.11:9000/sidifensen-blog/album/1/1/14d56ca203964a3da8f47316d3f1e8d2.jpg', 1, '2025-08-15 21:35:34', '2025-08-15 21:35:36', 0);
INSERT INTO `photo` VALUES (947, 1, 'http://14.103.112.11:9000/sidifensen-blog/album/1/1/14d56ca203964a3da8f47316d3f1e8d2.jpg', 1, '2025-08-15 21:35:34', '2025-08-15 21:35:36', 0);
INSERT INTO `photo` VALUES (948, 1, 'http://14.103.112.11:9000/sidifensen-blog/album/1/1/14d56ca203964a3da8f47316d3f1e8d2.jpg', 1, '2025-08-15 21:35:34', '2025-08-15 21:35:36', 0);
INSERT INTO `photo` VALUES (949, 1, 'http://14.103.112.11:9000/sidifensen-blog/album/1/1/14d56ca203964a3da8f47316d3f1e8d2.jpg', 1, '2025-08-15 21:35:34', '2025-08-15 21:35:36', 0);
INSERT INTO `photo` VALUES (950, 1, 'http://14.103.112.11:9000/sidifensen-blog/album/1/1/14d56ca203964a3da8f47316d3f1e8d2.jpg', 1, '2025-08-15 21:35:34', '2025-08-15 21:35:36', 0);
INSERT INTO `photo` VALUES (951, 1, 'http://14.103.112.11:9000/sidifensen-blog/album/1/1/14d56ca203964a3da8f47316d3f1e8d2.jpg', 1, '2025-08-15 21:35:34', '2025-08-15 21:35:36', 0);
INSERT INTO `photo` VALUES (952, 1, 'http://14.103.112.11:9000/sidifensen-blog/album/1/1/14d56ca203964a3da8f47316d3f1e8d2.jpg', 1, '2025-08-15 21:35:34', '2025-08-15 21:35:36', 0);
INSERT INTO `photo` VALUES (953, 1, 'http://14.103.112.11:9000/sidifensen-blog/album/1/1/14d56ca203964a3da8f47316d3f1e8d2.jpg', 1, '2025-08-15 21:35:34', '2025-08-15 21:35:36', 0);
INSERT INTO `photo` VALUES (954, 1, 'http://14.103.112.11:9000/sidifensen-blog/album/1/1/14d56ca203964a3da8f47316d3f1e8d2.jpg', 1, '2025-08-15 21:35:34', '2025-08-15 21:35:36', 0);
INSERT INTO `photo` VALUES (955, 1, 'http://14.103.112.11:9000/sidifensen-blog/album/1/1/14d56ca203964a3da8f47316d3f1e8d2.jpg', 1, '2025-08-15 21:35:34', '2025-08-15 21:35:36', 0);
INSERT INTO `photo` VALUES (956, 1, 'http://14.103.112.11:9000/sidifensen-blog/album/1/1/14d56ca203964a3da8f47316d3f1e8d2.jpg', 1, '2025-08-15 21:35:34', '2025-08-15 21:35:36', 0);
INSERT INTO `photo` VALUES (957, 1, 'http://14.103.112.11:9000/sidifensen-blog/album/1/1/14d56ca203964a3da8f47316d3f1e8d2.jpg', 1, '2025-08-15 21:35:34', '2025-08-15 21:35:36', 0);
INSERT INTO `photo` VALUES (958, 1, 'http://14.103.112.11:9000/sidifensen-blog/album/1/1/14d56ca203964a3da8f47316d3f1e8d2.jpg', 1, '2025-08-15 21:35:34', '2025-08-15 21:35:36', 0);
INSERT INTO `photo` VALUES (959, 1, 'http://14.103.112.11:9000/sidifensen-blog/album/1/1/14d56ca203964a3da8f47316d3f1e8d2.jpg', 1, '2025-08-15 21:35:34', '2025-08-15 21:35:36', 0);
INSERT INTO `photo` VALUES (960, 1, 'http://14.103.112.11:9000/sidifensen-blog/album/1/1/14d56ca203964a3da8f47316d3f1e8d2.jpg', 1, '2025-08-15 21:35:34', '2025-08-15 21:35:36', 0);
INSERT INTO `photo` VALUES (961, 1, 'http://14.103.112.11:9000/sidifensen-blog/album/1/1/14d56ca203964a3da8f47316d3f1e8d2.jpg', 1, '2025-08-15 21:35:34', '2025-08-15 21:35:36', 0);
INSERT INTO `photo` VALUES (962, 1, 'http://14.103.112.11:9000/sidifensen-blog/album/1/1/14d56ca203964a3da8f47316d3f1e8d2.jpg', 1, '2025-08-15 21:35:34', '2025-08-15 21:35:36', 0);
INSERT INTO `photo` VALUES (963, 1, 'http://14.103.112.11:9000/sidifensen-blog/album/1/1/14d56ca203964a3da8f47316d3f1e8d2.jpg', 1, '2025-08-15 21:35:34', '2025-08-15 21:35:36', 0);
INSERT INTO `photo` VALUES (964, 1, 'http://14.103.112.11:9000/sidifensen-blog/album/1/1/14d56ca203964a3da8f47316d3f1e8d2.jpg', 1, '2025-08-15 21:35:34', '2025-08-15 21:35:36', 0);
INSERT INTO `photo` VALUES (965, 1, 'http://14.103.112.11:9000/sidifensen-blog/album/1/1/14d56ca203964a3da8f47316d3f1e8d2.jpg', 1, '2025-08-15 21:35:34', '2025-08-15 21:35:36', 0);
INSERT INTO `photo` VALUES (966, 1, 'http://14.103.112.11:9000/sidifensen-blog/album/1/1/14d56ca203964a3da8f47316d3f1e8d2.jpg', 1, '2025-08-15 21:35:34', '2025-08-15 21:35:36', 0);
INSERT INTO `photo` VALUES (967, 1, 'http://14.103.112.11:9000/sidifensen-blog/album/1/1/14d56ca203964a3da8f47316d3f1e8d2.jpg', 1, '2025-08-15 21:35:34', '2025-08-15 21:35:36', 0);
INSERT INTO `photo` VALUES (968, 1, 'http://14.103.112.11:9000/sidifensen-blog/album/1/1/14d56ca203964a3da8f47316d3f1e8d2.jpg', 1, '2025-08-15 21:35:34', '2025-08-15 21:35:36', 0);
INSERT INTO `photo` VALUES (969, 1, 'http://14.103.112.11:9000/sidifensen-blog/album/1/1/14d56ca203964a3da8f47316d3f1e8d2.jpg', 1, '2025-08-15 21:35:34', '2025-08-15 21:35:36', 0);
INSERT INTO `photo` VALUES (970, 1, 'http://14.103.112.11:9000/sidifensen-blog/album/1/1/14d56ca203964a3da8f47316d3f1e8d2.jpg', 1, '2025-08-15 21:35:34', '2025-08-15 21:35:36', 0);
INSERT INTO `photo` VALUES (971, 1, 'http://14.103.112.11:9000/sidifensen-blog/album/1/1/14d56ca203964a3da8f47316d3f1e8d2.jpg', 1, '2025-08-15 21:35:34', '2025-08-15 21:35:36', 0);
INSERT INTO `photo` VALUES (972, 1, 'http://14.103.112.11:9000/sidifensen-blog/album/1/1/14d56ca203964a3da8f47316d3f1e8d2.jpg', 1, '2025-08-15 21:35:34', '2025-08-15 21:35:36', 0);
INSERT INTO `photo` VALUES (973, 1, 'http://14.103.112.11:9000/sidifensen-blog/album/1/1/14d56ca203964a3da8f47316d3f1e8d2.jpg', 1, '2025-08-15 21:35:34', '2025-08-15 21:35:36', 0);
INSERT INTO `photo` VALUES (974, 1, 'http://14.103.112.11:9000/sidifensen-blog/album/1/1/14d56ca203964a3da8f47316d3f1e8d2.jpg', 1, '2025-08-15 21:35:34', '2025-08-15 21:35:36', 0);
INSERT INTO `photo` VALUES (975, 1, 'http://14.103.112.11:9000/sidifensen-blog/album/1/1/14d56ca203964a3da8f47316d3f1e8d2.jpg', 1, '2025-08-15 21:35:34', '2025-08-15 21:35:36', 0);
INSERT INTO `photo` VALUES (976, 1, 'http://14.103.112.11:9000/sidifensen-blog/album/1/1/14d56ca203964a3da8f47316d3f1e8d2.jpg', 1, '2025-08-15 21:35:34', '2025-08-15 21:35:36', 0);
INSERT INTO `photo` VALUES (977, 1, 'http://14.103.112.11:9000/sidifensen-blog/album/1/1/14d56ca203964a3da8f47316d3f1e8d2.jpg', 1, '2025-08-15 21:35:34', '2025-08-15 21:35:36', 0);
INSERT INTO `photo` VALUES (978, 1, 'http://14.103.112.11:9000/sidifensen-blog/album/1/1/14d56ca203964a3da8f47316d3f1e8d2.jpg', 1, '2025-08-15 21:35:34', '2025-08-15 21:35:36', 0);
INSERT INTO `photo` VALUES (979, 1, 'http://14.103.112.11:9000/sidifensen-blog/album/1/1/14d56ca203964a3da8f47316d3f1e8d2.jpg', 1, '2025-08-15 21:35:34', '2025-08-15 21:35:36', 0);
INSERT INTO `photo` VALUES (980, 1, 'http://14.103.112.11:9000/sidifensen-blog/album/1/1/14d56ca203964a3da8f47316d3f1e8d2.jpg', 1, '2025-08-15 21:35:34', '2025-08-15 21:35:36', 0);
INSERT INTO `photo` VALUES (981, 1, 'http://14.103.112.11:9000/sidifensen-blog/album/1/1/14d56ca203964a3da8f47316d3f1e8d2.jpg', 1, '2025-08-15 21:35:34', '2025-08-15 21:35:36', 0);
INSERT INTO `photo` VALUES (982, 1, 'http://14.103.112.11:9000/sidifensen-blog/album/1/1/14d56ca203964a3da8f47316d3f1e8d2.jpg', 1, '2025-08-15 21:35:34', '2025-08-15 21:35:36', 0);
INSERT INTO `photo` VALUES (983, 1, 'http://14.103.112.11:9000/sidifensen-blog/album/1/1/14d56ca203964a3da8f47316d3f1e8d2.jpg', 1, '2025-08-15 21:35:34', '2025-08-15 21:35:36', 0);
INSERT INTO `photo` VALUES (984, 1, 'http://14.103.112.11:9000/sidifensen-blog/album/1/1/14d56ca203964a3da8f47316d3f1e8d2.jpg', 1, '2025-08-15 21:35:34', '2025-08-15 21:35:36', 0);
INSERT INTO `photo` VALUES (985, 1, 'http://14.103.112.11:9000/sidifensen-blog/album/1/1/14d56ca203964a3da8f47316d3f1e8d2.jpg', 1, '2025-08-15 21:35:34', '2025-08-15 21:35:36', 0);
INSERT INTO `photo` VALUES (986, 1, 'http://14.103.112.11:9000/sidifensen-blog/album/1/1/14d56ca203964a3da8f47316d3f1e8d2.jpg', 1, '2025-08-15 21:35:34', '2025-08-15 21:35:36', 0);
INSERT INTO `photo` VALUES (987, 1, 'http://14.103.112.11:9000/sidifensen-blog/album/1/1/14d56ca203964a3da8f47316d3f1e8d2.jpg', 1, '2025-08-15 21:35:34', '2025-08-15 21:35:36', 0);
INSERT INTO `photo` VALUES (988, 1, 'http://14.103.112.11:9000/sidifensen-blog/album/1/1/14d56ca203964a3da8f47316d3f1e8d2.jpg', 1, '2025-08-15 21:35:34', '2025-08-15 21:35:36', 0);
INSERT INTO `photo` VALUES (989, 1, 'http://14.103.112.11:9000/sidifensen-blog/album/1/1/14d56ca203964a3da8f47316d3f1e8d2.jpg', 1, '2025-08-15 21:35:34', '2025-08-15 21:35:36', 0);
INSERT INTO `photo` VALUES (990, 1, 'http://14.103.112.11:9000/sidifensen-blog/album/1/1/14d56ca203964a3da8f47316d3f1e8d2.jpg', 1, '2025-08-15 21:35:34', '2025-08-15 21:35:36', 0);
INSERT INTO `photo` VALUES (991, 1, 'http://14.103.112.11:9000/sidifensen-blog/album/1/1/14d56ca203964a3da8f47316d3f1e8d2.jpg', 1, '2025-08-15 21:35:34', '2025-08-15 21:35:36', 0);
INSERT INTO `photo` VALUES (992, 1, 'http://14.103.112.11:9000/sidifensen-blog/album/1/1/14d56ca203964a3da8f47316d3f1e8d2.jpg', 1, '2025-08-15 21:35:34', '2025-08-15 21:35:36', 0);
INSERT INTO `photo` VALUES (993, 1, 'http://14.103.112.11:9000/sidifensen-blog/album/1/1/14d56ca203964a3da8f47316d3f1e8d2.jpg', 1, '2025-08-15 21:35:34', '2025-08-15 21:35:36', 0);
INSERT INTO `photo` VALUES (994, 1, 'http://14.103.112.11:9000/sidifensen-blog/album/1/1/14d56ca203964a3da8f47316d3f1e8d2.jpg', 1, '2025-08-15 21:35:34', '2025-08-15 21:35:36', 0);
INSERT INTO `photo` VALUES (995, 1, 'http://14.103.112.11:9000/sidifensen-blog/album/1/1/14d56ca203964a3da8f47316d3f1e8d2.jpg', 1, '2025-08-15 21:35:34', '2025-08-15 21:35:36', 0);
INSERT INTO `photo` VALUES (996, 1, 'http://14.103.112.11:9000/sidifensen-blog/album/1/1/14d56ca203964a3da8f47316d3f1e8d2.jpg', 1, '2025-08-15 21:35:34', '2025-08-15 21:35:36', 0);
INSERT INTO `photo` VALUES (997, 1, 'http://14.103.112.11:9000/sidifensen-blog/album/1/1/14d56ca203964a3da8f47316d3f1e8d2.jpg', 1, '2025-08-15 21:35:34', '2025-08-15 21:35:36', 0);
INSERT INTO `photo` VALUES (998, 1, 'http://14.103.112.11:9000/sidifensen-blog/album/1/1/14d56ca203964a3da8f47316d3f1e8d2.jpg', 1, '2025-08-15 21:35:34', '2025-08-15 21:35:36', 0);
INSERT INTO `photo` VALUES (999, 1, 'http://14.103.112.11:9000/sidifensen-blog/album/1/1/14d56ca203964a3da8f47316d3f1e8d2.jpg', 1, '2025-08-15 21:35:34', '2025-08-15 21:35:36', 0);
INSERT INTO `photo` VALUES (1000, 1, 'http://14.103.112.11:9000/sidifensen-blog/album/1/1/14d56ca203964a3da8f47316d3f1e8d2.jpg', 1, '2025-08-15 21:35:34', '2025-08-15 21:35:36', 0);
INSERT INTO `photo` VALUES (1001, 1, 'http://14.103.112.11:9000/sidifensen-blog/album/1/2/d93fa7e492d542bf834cd08a553f9955.jpg', 1, '2025-08-15 23:38:47', '2025-08-15 23:38:48', 0);
INSERT INTO `photo` VALUES (1002, 1, 'http://14.103.112.11:9000/sidifensen-blog/album/1/2/91a312e5917142069d18b13e3e507ab7.webp', 1, '2025-08-15 23:47:18', '2025-08-15 23:47:20', 0);
INSERT INTO `photo` VALUES (1003, 1, 'http://14.103.112.11:9000/sidifensen-blog/album/1/2/e9ef1601e7fd477da8a8819fa7ab25f9.webp', 1, '2025-08-15 23:50:14', '2025-08-15 23:50:15', 0);

-- ----------------------------
-- Table structure for sys_menu
-- ----------------------------
DROP TABLE IF EXISTS `sys_menu`;
CREATE TABLE `sys_menu`  (
  `id` int NOT NULL AUTO_INCREMENT COMMENT '菜单id',
  `parent_id` int NULL DEFAULT 0 COMMENT '父级id',
  `name` varchar(10) CHARACTER SET utf8mb4 COLLATE utf8mb4_0900_ai_ci NOT NULL COMMENT '菜单名称',
  `sort` int NULL DEFAULT 0 COMMENT '排序',
  `path` varchar(100) CHARACTER SET utf8mb4 COLLATE utf8mb4_0900_ai_ci NULL DEFAULT NULL COMMENT '路由路径',
  `component` varchar(100) CHARACTER SET utf8mb4 COLLATE utf8mb4_0900_ai_ci NULL DEFAULT NULL COMMENT '组件路径',
  `icon` varchar(30) CHARACTER SET utf8mb4 COLLATE utf8mb4_0900_ai_ci NULL DEFAULT NULL COMMENT '图标',
  `status` tinyint NOT NULL DEFAULT 0 COMMENT '状态 0-正常 1-禁用',
  `create_time` datetime NOT NULL COMMENT '创建时间',
  `update_time` datetime NOT NULL COMMENT '更新时间',
  `is_deleted` tinyint NULL DEFAULT 0 COMMENT '是否删除 0-未删除 1-已删除',
  PRIMARY KEY (`id`) USING BTREE
) ENGINE = InnoDB AUTO_INCREMENT = 30 CHARACTER SET = utf8mb4 COLLATE = utf8mb4_0900_ai_ci ROW_FORMAT = DYNAMIC;

-- ----------------------------
-- Records of sys_menu
-- ----------------------------
INSERT INTO `sys_menu` VALUES (1, 0, '首页', 0, '/home', '/home', 'House', 0, '2025-06-28 22:31:52', '2025-08-12 00:34:19', 0);
INSERT INTO `sys_menu` VALUES (2, 0, '系统管理', 1, '/system', ' ', 'Setting', 0, '2025-08-06 15:26:06', '2025-08-11 01:21:58', 0);
INSERT INTO `sys_menu` VALUES (3, 2, '菜单管理', 0, '/system/menu', '/system/menu', 'Menu', 0, '2025-08-06 15:40:22', '2025-08-11 01:22:00', 0);
INSERT INTO `sys_menu` VALUES (4, 2, '角色管理', 2, '/system/role', '/system/role', 'Avatar', 0, '2025-08-06 15:41:35', '2025-08-11 01:21:52', 0);
INSERT INTO `sys_menu` VALUES (5, 2, '权限管理', 1, '/system/permission', '/system/permission', 'Lock', 0, '2025-08-06 15:42:21', '2025-08-11 01:22:03', 0);
INSERT INTO `sys_menu` VALUES (6, 2, '用户管理', 3, '/system/user', '/system/user', 'User', 0, '2025-08-06 15:43:41', '2025-08-11 01:21:50', 0);
INSERT INTO `sys_menu` VALUES (7, 0, '图片管理', 3, '/photo', ' ', 'Camera', 0, '2025-08-08 16:17:18', '2025-08-15 00:24:54', 0);
INSERT INTO `sys_menu` VALUES (8, 0, '1', 4, '/sys', '/sys', 'Menu', 0, '2025-08-08 16:17:43', '2025-08-10 03:06:59', 0);
INSERT INTO `sys_menu` VALUES (9, 0, '1', 5, '/sys', '/sys', 'Menu', 0, '2025-08-08 20:33:16', '2025-08-08 20:33:19', 0);
INSERT INTO `sys_menu` VALUES (10, 0, '1', 6, '/sys', '/sys', 'Menu', 0, '2025-08-08 20:34:20', '2025-08-11 01:15:12', 0);
INSERT INTO `sys_menu` VALUES (11, 0, '1', 7, '/sys', '/sys', 'Menu', 0, '2025-08-08 21:25:52', '2025-08-08 21:26:18', 0);
INSERT INTO `sys_menu` VALUES (12, 0, '1', 8, '/sys', '/sys', 'Menu', 0, '2025-08-08 21:25:52', '2025-08-08 21:26:18', 0);
INSERT INTO `sys_menu` VALUES (13, 0, '1', 9, '/sys', '/sys', 'Menu', 0, '2025-08-08 21:25:52', '2025-08-08 21:26:18', 0);
INSERT INTO `sys_menu` VALUES (14, 0, '1', 10, '/sys', '/sys', 'Menu', 0, '2025-08-08 21:25:52', '2025-08-08 21:26:18', 0);
INSERT INTO `sys_menu` VALUES (15, 0, '1', 11, '/sys', '/sys', 'Menu', 0, '2025-08-08 21:25:52', '2025-08-08 21:26:18', 0);
INSERT INTO `sys_menu` VALUES (16, 0, '1', 12, '/sys', '/sys', 'Menu', 0, '2025-08-08 21:25:52', '2025-08-08 21:26:18', 0);
INSERT INTO `sys_menu` VALUES (17, 0, '1', 13, '/sys', '/sys', 'Menu', 0, '2025-08-08 21:25:52', '2025-08-08 21:26:18', 0);
INSERT INTO `sys_menu` VALUES (18, 0, '1', 14, '/sys', '/sys', 'Menu', 0, '2025-08-08 21:25:52', '2025-08-08 21:26:18', 0);
INSERT INTO `sys_menu` VALUES (19, 0, '1', 15, '/sys', '/sys', 'Menu', 0, '2025-08-08 21:25:52', '2025-08-08 21:26:18', 0);
INSERT INTO `sys_menu` VALUES (20, 0, '1', 16, '/sys', '/sys', 'Menu', 0, '2025-08-08 21:25:52', '2025-08-08 21:26:18', 0);
INSERT INTO `sys_menu` VALUES (21, 0, '一', 17, '/sys', '/sys', 'Menu', 0, '2025-08-08 21:25:52', '2025-08-11 13:19:29', 0);
INSERT INTO `sys_menu` VALUES (22, 23, '用户管理用户管理管理', 0, '/system/user/add', '/system/user/add', 'User', 0, '2025-08-10 01:01:19', '2025-08-11 12:31:31', 0);
INSERT INTO `sys_menu` VALUES (23, 7, '系统管理系统管理管理', 1, '/sys/11', '/sys/11', 'AddLocation', 0, '2025-08-10 15:58:30', '2025-08-13 18:25:06', 1);
INSERT INTO `sys_menu` VALUES (24, 7, 'sys111', 2, '/sys111', '/sys111', 'Apple', 0, '2025-08-10 15:58:46', '2025-08-13 18:25:19', 1);
INSERT INTO `sys_menu` VALUES (25, 24, 'sys1111', 3, '/sys1111', '/sys1111', 'ArrowDown', 0, '2025-08-11 11:36:38', '2025-08-13 18:24:49', 1);
INSERT INTO `sys_menu` VALUES (26, 25, 'sys11111', 0, '/sys11111', '/sys11111', 'AddLocation', 0, '2025-08-11 11:40:14', '2025-08-13 18:24:47', 1);
INSERT INTO `sys_menu` VALUES (27, 8, 'sys111111', 0, '/sys111111', '/sys111111', 'Aim', 0, '2025-08-11 11:40:28', '2025-08-13 18:25:12', 1);
INSERT INTO `sys_menu` VALUES (28, 7, '用户相册', 0, '/photo/album', '/photo/album', 'Picture', 0, '2025-08-14 11:41:12', '2025-08-15 00:25:18', 0);
INSERT INTO `sys_menu` VALUES (29, 7, '图片审核', 1, '/photo/examine', '/photo/examine', 'PictureRounded', 0, '2025-08-14 11:42:12', '2025-08-15 00:25:35', 0);

-- ----------------------------
-- Table structure for sys_permission
-- ----------------------------
DROP TABLE IF EXISTS `sys_permission`;
CREATE TABLE `sys_permission`  (
  `id` int NOT NULL AUTO_INCREMENT COMMENT '权限id',
  `description` varchar(20) CHARACTER SET utf8mb4 COLLATE utf8mb4_0900_ai_ci NOT NULL COMMENT '权限描述',
  `permission` varchar(50) CHARACTER SET utf8mb4 COLLATE utf8mb4_0900_ai_ci NOT NULL COMMENT '权限',
  `menu_id` int NOT NULL COMMENT '菜单id',
  `create_time` datetime NOT NULL COMMENT '创建时间',
  `update_time` datetime NOT NULL COMMENT '更新时间',
  `is_deleted` tinyint NOT NULL DEFAULT 0 COMMENT '是否删除 0-未删除 1-已删除',
  PRIMARY KEY (`id`) USING BTREE
) ENGINE = InnoDB AUTO_INCREMENT = 35 CHARACTER SET = utf8mb4 COLLATE = utf8mb4_0900_ai_ci ROW_FORMAT = DYNAMIC;

-- ----------------------------
-- Records of sys_permission
-- ----------------------------
INSERT INTO `sys_permission` VALUES (1, '获取用户菜单', 'system:menu:list', 3, '2025-08-06 15:57:43', '2025-08-06 15:57:45', 0);
INSERT INTO `sys_permission` VALUES (2, '获取菜单列表', 'system:menu:listAll', 3, '2025-08-08 20:27:02', '2025-08-08 20:27:06', 0);
INSERT INTO `sys_permission` VALUES (3, '新增菜单', 'system:menu:add', 3, '2025-08-06 16:20:13', '2025-08-06 16:20:16', 0);
INSERT INTO `sys_permission` VALUES (4, '修改菜单', 'system:menu:update', 3, '2025-08-06 16:20:13', '2025-08-06 16:20:16', 0);
INSERT INTO `sys_permission` VALUES (5, '删除菜单', 'system:menu:delete', 3, '2025-08-06 16:20:13', '2025-08-06 16:20:16', 0);
INSERT INTO `sys_permission` VALUES (6, '搜索菜单', 'system:menu:search', 3, '2025-08-08 03:06:41', '2025-08-08 03:06:43', 0);
INSERT INTO `sys_permission` VALUES (7, '获取角色列表', 'system:role:list', 4, '2025-08-06 15:57:43', '2025-08-06 15:57:45', 0);
INSERT INTO `sys_permission` VALUES (8, '新增角色', 'system:role:add', 4, '2025-08-06 16:20:13', '2025-08-06 16:20:16', 0);
INSERT INTO `sys_permission` VALUES (9, '修改角色', 'system:role:update', 4, '2025-08-06 16:20:13', '2025-08-06 16:20:16', 0);
INSERT INTO `sys_permission` VALUES (10, '删除角色', 'system:role:delete', 4, '2025-08-06 16:20:13', '2025-08-06 16:20:16', 0);
INSERT INTO `sys_permission` VALUES (11, '搜索角色', 'system:role:search', 4, '2025-08-08 03:06:41', '2025-08-08 03:06:43', 0);
INSERT INTO `sys_permission` VALUES (12, '菜单分配角色', 'system:role:menu:add', 3, '2025-08-09 23:42:07', '2025-08-09 23:42:09', 0);
INSERT INTO `sys_permission` VALUES (13, '获取菜单所属角色', 'system:role:menu:get', 3, '2025-08-10 00:01:37', '2025-08-10 00:01:40', 0);
INSERT INTO `sys_permission` VALUES (14, '角色分配用户', 'system:user:role:addUser', 4, '2025-08-10 11:36:31', '2025-08-10 11:36:34', 0);
INSERT INTO `sys_permission` VALUES (15, '获取角色所属用户', 'system:user:role:getUsers', 4, '2025-08-10 11:38:00', '2025-08-10 11:38:02', 0);
INSERT INTO `sys_permission` VALUES (16, '获取用户列表', 'system:user:list', 6, '2025-08-10 12:32:02', '2025-08-10 12:32:06', 0);
INSERT INTO `sys_permission` VALUES (17, '用户添加角色', 'system:user:role:addRole', 6, '2025-08-10 15:33:16', '2025-08-10 15:33:19', 0);
INSERT INTO `sys_permission` VALUES (18, '获取用户所属角色', 'system:user:role:getRoles', 6, '2025-08-10 15:33:58', '2025-08-10 15:34:01', 0);
INSERT INTO `sys_permission` VALUES (19, '获取权限列表', 'system:permission:list', 5, '2025-08-10 16:56:44', '2025-08-10 16:56:47', 0);
INSERT INTO `sys_permission` VALUES (20, '新增权限', 'system:permission:add', 5, '2025-08-10 16:57:55', '2025-08-10 16:57:57', 0);
INSERT INTO `sys_permission` VALUES (21, '修改权限', 'system:permission:update', 5, '2025-08-10 16:58:13', '2025-08-10 16:58:15', 0);
INSERT INTO `sys_permission` VALUES (22, '删除权限', 'system:permission:delete', 5, '2025-08-10 16:58:26', '2025-08-10 16:58:29', 0);
INSERT INTO `sys_permission` VALUES (23, '搜索权限', 'system:permission:search', 5, '2025-08-10 16:58:55', '2025-08-10 16:58:57', 0);
INSERT INTO `sys_permission` VALUES (24, '权限授权角色', 'system:role:permission:add', 5, '2025-08-10 17:10:12', '2025-08-10 17:10:15', 0);
INSERT INTO `sys_permission` VALUES (25, '获取权限所属角色', 'system:role:permission:get', 5, '2025-08-10 17:10:55', '2025-08-10 17:10:57', 0);
INSERT INTO `sys_permission` VALUES (26, '权限批量授权角色', 'system:role:permission:addBatch', 5, '2025-08-11 02:22:50', '2025-08-11 02:22:52', 0);
INSERT INTO `sys_permission` VALUES (27, '获取用户列表', 'system:user:list', 6, '2025-08-11 10:59:07', '2025-08-11 10:59:07', 0);
INSERT INTO `sys_permission` VALUES (28, '修改用户', 'system:user:update', 6, '2025-08-11 13:27:07', '2025-08-11 13:27:07', 0);
INSERT INTO `sys_permission` VALUES (29, '删除用户', 'system:user:delete', 6, '2025-08-11 13:27:29', '2025-08-11 13:27:29', 0);
INSERT INTO `sys_permission` VALUES (30, '搜索用户', 'system:user:search', 6, '2025-08-11 17:29:26', '2025-08-11 17:29:26', 0);
INSERT INTO `sys_permission` VALUES (31, '获取用户详情', 'system:user:info', 6, '2025-08-11 18:18:41', '2025-08-11 18:18:41', 0);
INSERT INTO `sys_permission` VALUES (32, '获取相册列表', 'album:list', 28, '2025-08-15 23:42:33', '2025-08-15 23:42:33', 0);
INSERT INTO `sys_permission` VALUES (33, '更新相册', 'album:update', 28, '2025-08-15 23:45:13', '2025-08-15 23:45:13', 0);
INSERT INTO `sys_permission` VALUES (34, '删除相册', 'album:delete', 28, '2025-08-15 23:45:46', '2025-08-15 23:45:46', 0);

-- ----------------------------
-- Table structure for sys_role
-- ----------------------------
DROP TABLE IF EXISTS `sys_role`;
CREATE TABLE `sys_role`  (
  `id` int NOT NULL AUTO_INCREMENT COMMENT '角色id',
  `role` varchar(10) CHARACTER SET utf8mb4 COLLATE utf8mb4_0900_ai_ci NOT NULL COMMENT '角色标识',
  `name` varchar(10) CHARACTER SET utf8mb4 COLLATE utf8mb4_0900_ai_ci NOT NULL COMMENT '角色名称',
  `description` varchar(20) CHARACTER SET utf8mb4 COLLATE utf8mb4_0900_ai_ci NULL DEFAULT NULL COMMENT '角色描述',
  `status` tinyint NOT NULL DEFAULT 0 COMMENT '状态 0-正常 1-禁用',
  `create_time` datetime NOT NULL COMMENT '创建时间',
  `update_time` datetime NOT NULL COMMENT '更新时间',
  `is_deleted` tinyint NULL DEFAULT 0 COMMENT '是否删除 0-未删除 1-已删除',
  PRIMARY KEY (`id`) USING BTREE
) ENGINE = InnoDB AUTO_INCREMENT = 15 CHARACTER SET = utf8mb4 COLLATE = utf8mb4_0900_ai_ci ROW_FORMAT = DYNAMIC;

-- ----------------------------
-- Records of sys_role
-- ----------------------------
INSERT INTO `sys_role` VALUES (1, 'admin', '超级管理员', '拥有最高管理权限', 0, '2025-06-28 22:31:00', '2025-08-10 00:21:12', 0);
INSERT INTO `sys_role` VALUES (2, 'viewer', '管理后台查看者', '可以查看部分后台信息,但是不能进行操作', 0, '2025-08-08 15:51:55', '2025-08-10 03:06:55', 0);
INSERT INTO `sys_role` VALUES (3, 'user', '网站普通用户', '博客网站普通用户', 0, '2025-08-08 15:52:58', '2025-08-09 22:22:07', 0);
INSERT INTO `sys_role` VALUES (4, 'vip', '用户', '用户', 0, '2025-08-09 13:18:12', '2025-08-09 22:22:10', 0);
INSERT INTO `sys_role` VALUES (5, 'vip', '用户', '用户', 0, '2025-08-09 13:19:25', '2025-08-09 22:22:11', 0);
INSERT INTO `sys_role` VALUES (6, 'vip', '用户', '用户', 0, '2025-08-09 13:19:26', '2025-08-09 22:22:12', 0);
INSERT INTO `sys_role` VALUES (7, 'vip', '用户', '用户', 0, '2025-08-09 13:19:26', '2025-08-09 13:19:26', 0);
INSERT INTO `sys_role` VALUES (8, 'vip', '用户', '用户', 0, '2025-08-09 13:19:26', '2025-08-09 13:19:26', 0);
INSERT INTO `sys_role` VALUES (9, 'vip', '用户', '用户', 0, '2025-08-09 13:19:26', '2025-08-09 13:19:26', 0);
INSERT INTO `sys_role` VALUES (10, 'vip1', '用户1', '用户1', 0, '2025-08-09 13:19:26', '2025-08-10 00:40:40', 0);
INSERT INTO `sys_role` VALUES (11, 'vip', '用户', '用户', 0, '2025-08-09 13:19:26', '2025-08-09 13:19:26', 0);
INSERT INTO `sys_role` VALUES (12, 'vip', '用户', '用户', 0, '2025-08-09 13:19:26', '2025-08-09 13:19:26', 0);
INSERT INTO `sys_role` VALUES (13, 'vip', '用户', '用户', 0, '2025-08-09 18:47:40', '2025-08-10 00:42:58', 0);
INSERT INTO `sys_role` VALUES (14, 'vip', '用户', '用户', 0, '2025-08-10 00:40:32', '2025-08-10 15:55:39', 1);

-- ----------------------------
-- Table structure for sys_role_menu
-- ----------------------------
DROP TABLE IF EXISTS `sys_role_menu`;
CREATE TABLE `sys_role_menu`  (
  `id` int NOT NULL AUTO_INCREMENT COMMENT '主键id',
  `role_id` int NOT NULL COMMENT '角色id',
  `menu_id` int NOT NULL COMMENT '菜单id',
  PRIMARY KEY (`id`) USING BTREE
) ENGINE = InnoDB AUTO_INCREMENT = 32 CHARACTER SET = utf8mb4 COLLATE = utf8mb4_0900_ai_ci ROW_FORMAT = DYNAMIC;

-- ----------------------------
-- Records of sys_role_menu
-- ----------------------------
INSERT INTO `sys_role_menu` VALUES (1, 1, 1);
INSERT INTO `sys_role_menu` VALUES (2, 1, 2);
INSERT INTO `sys_role_menu` VALUES (3, 1, 3);
INSERT INTO `sys_role_menu` VALUES (4, 1, 4);
INSERT INTO `sys_role_menu` VALUES (5, 1, 5);
INSERT INTO `sys_role_menu` VALUES (7, 2, 1);
INSERT INTO `sys_role_menu` VALUES (8, 2, 2);
INSERT INTO `sys_role_menu` VALUES (9, 2, 3);
INSERT INTO `sys_role_menu` VALUES (20, 1, 6);
INSERT INTO `sys_role_menu` VALUES (21, 2, 5);
INSERT INTO `sys_role_menu` VALUES (22, 2, 6);
INSERT INTO `sys_role_menu` VALUES (23, 2, 4);
INSERT INTO `sys_role_menu` VALUES (26, 1, 7);
INSERT INTO `sys_role_menu` VALUES (29, 1, 22);
INSERT INTO `sys_role_menu` VALUES (30, 1, 28);
INSERT INTO `sys_role_menu` VALUES (31, 1, 29);

-- ----------------------------
-- Table structure for sys_role_permission
-- ----------------------------
DROP TABLE IF EXISTS `sys_role_permission`;
CREATE TABLE `sys_role_permission`  (
  `id` int NOT NULL AUTO_INCREMENT COMMENT '主键id',
  `role_id` int NOT NULL COMMENT '角色id',
  `permission_id` int NOT NULL COMMENT '权限id',
  PRIMARY KEY (`id`) USING BTREE
) ENGINE = InnoDB AUTO_INCREMENT = 61 CHARACTER SET = utf8mb4 COLLATE = utf8mb4_0900_ai_ci ROW_FORMAT = Dynamic;

-- ----------------------------
-- Records of sys_role_permission
-- ----------------------------
INSERT INTO `sys_role_permission` VALUES (1, 1, 1);
INSERT INTO `sys_role_permission` VALUES (2, 1, 2);
INSERT INTO `sys_role_permission` VALUES (3, 1, 3);
INSERT INTO `sys_role_permission` VALUES (4, 1, 4);
INSERT INTO `sys_role_permission` VALUES (5, 1, 5);
INSERT INTO `sys_role_permission` VALUES (6, 1, 6);
INSERT INTO `sys_role_permission` VALUES (7, 2, 1);
INSERT INTO `sys_role_permission` VALUES (8, 2, 2);
INSERT INTO `sys_role_permission` VALUES (9, 2, 6);
INSERT INTO `sys_role_permission` VALUES (10, 1, 7);
INSERT INTO `sys_role_permission` VALUES (11, 1, 8);
INSERT INTO `sys_role_permission` VALUES (12, 1, 9);
INSERT INTO `sys_role_permission` VALUES (14, 1, 11);
INSERT INTO `sys_role_permission` VALUES (15, 2, 7);
INSERT INTO `sys_role_permission` VALUES (16, 2, 11);
INSERT INTO `sys_role_permission` VALUES (17, 1, 12);
INSERT INTO `sys_role_permission` VALUES (18, 1, 13);
INSERT INTO `sys_role_permission` VALUES (19, 1, 14);
INSERT INTO `sys_role_permission` VALUES (20, 1, 15);
INSERT INTO `sys_role_permission` VALUES (21, 1, 16);
INSERT INTO `sys_role_permission` VALUES (22, 1, 17);
INSERT INTO `sys_role_permission` VALUES (23, 1, 18);
INSERT INTO `sys_role_permission` VALUES (24, 1, 19);
INSERT INTO `sys_role_permission` VALUES (25, 1, 20);
INSERT INTO `sys_role_permission` VALUES (26, 1, 21);
INSERT INTO `sys_role_permission` VALUES (27, 1, 22);
INSERT INTO `sys_role_permission` VALUES (28, 1, 23);
INSERT INTO `sys_role_permission` VALUES (29, 1, 24);
INSERT INTO `sys_role_permission` VALUES (30, 1, 25);
INSERT INTO `sys_role_permission` VALUES (31, 1, 26);
INSERT INTO `sys_role_permission` VALUES (47, 2, 26);
INSERT INTO `sys_role_permission` VALUES (48, 2, 25);
INSERT INTO `sys_role_permission` VALUES (49, 3, 26);
INSERT INTO `sys_role_permission` VALUES (50, 3, 25);
INSERT INTO `sys_role_permission` VALUES (51, 4, 26);
INSERT INTO `sys_role_permission` VALUES (52, 4, 25);
INSERT INTO `sys_role_permission` VALUES (53, 1, 27);
INSERT INTO `sys_role_permission` VALUES (54, 1, 28);
INSERT INTO `sys_role_permission` VALUES (55, 1, 29);
INSERT INTO `sys_role_permission` VALUES (56, 1, 30);
INSERT INTO `sys_role_permission` VALUES (57, 1, 31);
INSERT INTO `sys_role_permission` VALUES (58, 1, 32);
INSERT INTO `sys_role_permission` VALUES (59, 1, 33);
INSERT INTO `sys_role_permission` VALUES (60, 1, 34);

-- ----------------------------
-- Table structure for sys_user
-- ----------------------------
DROP TABLE IF EXISTS `sys_user`;
CREATE TABLE `sys_user`  (
  `id` int NOT NULL AUTO_INCREMENT COMMENT '用户id',
  `username` varchar(50) CHARACTER SET utf8mb4 COLLATE utf8mb4_0900_ai_ci NOT NULL COMMENT '用户名',
  `password` varchar(100) CHARACTER SET utf8mb4 COLLATE utf8mb4_0900_ai_ci NOT NULL COMMENT '密码',
  `nickname` varchar(10) CHARACTER SET utf8mb4 COLLATE utf8mb4_0900_ai_ci NULL DEFAULT NULL COMMENT '昵称',
  `email` varchar(50) CHARACTER SET utf8mb4 COLLATE utf8mb4_0900_ai_ci NULL DEFAULT NULL COMMENT '邮箱',
  `sex` tinyint NULL DEFAULT 0 COMMENT '性别 0-男 1-女',
  `introduction` varchar(100) CHARACTER SET utf8mb4 COLLATE utf8mb4_0900_ai_ci NULL DEFAULT NULL COMMENT '简介',
  `avatar` varchar(255) CHARACTER SET utf8mb4 COLLATE utf8mb4_0900_ai_ci NULL DEFAULT NULL COMMENT '头像',
  `status` tinyint NOT NULL DEFAULT 0 COMMENT '状态 0-正常 1-禁用',
  `register_type` tinyint NULL DEFAULT 0 COMMENT '注册方式 0-用户名/邮箱 1-gitee 2-github 3-QQ',
  `register_ip` varchar(100) CHARACTER SET utf8mb4 COLLATE utf8mb4_0900_ai_ci NULL DEFAULT NULL COMMENT '注册ip',
  `register_address` varchar(100) CHARACTER SET utf8mb4 COLLATE utf8mb4_0900_ai_ci NULL DEFAULT NULL COMMENT '注册地址',
  `login_type` tinyint NULL DEFAULT 0 COMMENT '登录方式 0-用户名/邮箱 1-gitee 2-github 3-QQ',
  `login_ip` varchar(100) CHARACTER SET utf8mb4 COLLATE utf8mb4_0900_ai_ci NULL DEFAULT NULL COMMENT '登录ip',
  `login_address` varchar(100) CHARACTER SET utf8mb4 COLLATE utf8mb4_0900_ai_ci NULL DEFAULT NULL COMMENT '登录地址',
  `login_time` datetime NULL DEFAULT NULL COMMENT '登录时间',
  `create_time` datetime NOT NULL COMMENT '创建时间',
  `update_time` datetime NOT NULL COMMENT '更新时间',
  `is_deleted` tinyint NULL DEFAULT 0 COMMENT '是否删除 0-未删除 1-已删除',
  PRIMARY KEY (`id`) USING BTREE
) ENGINE = InnoDB AUTO_INCREMENT = 15 CHARACTER SET = utf8mb4 COLLATE = utf8mb4_0900_ai_ci ROW_FORMAT = DYNAMIC;

-- ----------------------------
-- Records of sys_user
-- ----------------------------
INSERT INTO `sys_user` VALUES (1, 'sidifensen', '$2a$10$GJwVW/wuZ/xFFiWNElXGNuaK3VKWfqIcCICrUyFEKz.cpFa7WtWNi', '斯蒂芬森', 'sidifensen@163.com', 0, 'helloworld1111', 'http://14.103.112.11:9000/sidifensen-blog/avatar/avatar.jpg', 0, 0, '127.0.0.1', '内网地址', 0, '192.168.5.4', '内网地址', '2025-08-15 18:28:18', '2025-06-28 22:30:22', '2025-08-12 01:51:14', 0);
INSERT INTO `sys_user` VALUES (2, '斯蒂芬森', '$2a$10$uTyUKEl.mc24YCN44QSjOukVgnc1hPGm6OFdZ0oQo6i5G5Yd.gIqS', '斯蒂芬森', '111111@qq.com', 0, 'helloworld', 'http://14.103.112.11:9000/sidifensen-blog/avatar/avatar1.png', 0, 0, '127.0.0.1', '内网地址', 0, '192.168.10.149', '内网地址', '2025-08-10 15:39:51', '2025-07-31 17:38:46', '2025-08-14 11:52:09', 0);
INSERT INTO `sys_user` VALUES (3, 'WebUser', '$2a$10$uTyUKEl.mc24YCN44QSjOukVgnc1hPGm6OFdZ0oQo6i5G5Yd.gIqS', '网站用户', '123456@qq.com', 0, 'helloworld', 'http://14.103.112.11:9000/sidifensen-blog/avatar/avatar1.png', 0, 0, '127.0.0.1', '内网地址', 0, '192.168.10.149', '内网地址', '2025-08-10 02:00:15', '2025-07-31 17:38:46', '2025-08-12 01:12:29', 0);
INSERT INTO `sys_user` VALUES (4, 'WebUser', '$2a$10$uTyUKEl.mc24YCN44QSjOukVgnc1hPGm6OFdZ0oQo6i5G5Yd.gIqS', '网站用户', '123456@qq.com', 0, 'helloworld', 'http://14.103.112.11:9000/sidifensen-blog/avatar/avatar1.png', 0, 0, '127.0.0.1', '内网地址', 0, '192.168.10.149', '内网地址', '2025-08-10 02:00:15', '2025-07-31 17:38:46', '2025-07-31 17:38:46', 0);
INSERT INTO `sys_user` VALUES (5, 'WebUser', '$2a$10$uTyUKEl.mc24YCN44QSjOukVgnc1hPGm6OFdZ0oQo6i5G5Yd.gIqS', '网站用户', '123456@qq.com', 0, 'helloworld', 'http://14.103.112.11:9000/sidifensen-blog/avatar/avatar1.png', 0, 0, '127.0.0.1', '内网地址', 0, '192.168.10.149', '内网地址', '2025-08-10 02:00:15', '2025-07-31 17:38:46', '2025-07-31 17:38:46', 0);
INSERT INTO `sys_user` VALUES (6, 'WebUser', '$2a$10$uTyUKEl.mc24YCN44QSjOukVgnc1hPGm6OFdZ0oQo6i5G5Yd.gIqS', '网站用户', '123456@qq.com', 0, 'helloworld', 'http://14.103.112.11:9000/sidifensen-blog/avatar/avatar1.png', 0, 0, '127.0.0.1', '内网地址', 0, '192.168.10.149', '内网地址', '2025-08-10 02:00:15', '2025-07-31 17:38:46', '2025-07-31 17:38:46', 0);
INSERT INTO `sys_user` VALUES (7, 'WebUser', '$2a$10$uTyUKEl.mc24YCN44QSjOukVgnc1hPGm6OFdZ0oQo6i5G5Yd.gIqS', '网站用户', '123456@qq.com', 0, 'helloworld', 'http://14.103.112.11:9000/sidifensen-blog/avatar/avatar1.png', 0, 0, '127.0.0.1', '内网地址', 0, '192.168.10.149', '内网地址', '2025-08-10 02:00:15', '2025-07-31 17:38:46', '2025-07-31 17:38:46', 0);
INSERT INTO `sys_user` VALUES (8, 'WebUser', '$2a$10$uTyUKEl.mc24YCN44QSjOukVgnc1hPGm6OFdZ0oQo6i5G5Yd.gIqS', '网站用户', '123456@qq.com', 0, 'helloworld', 'http://14.103.112.11:9000/sidifensen-blog/avatar/avatar1.png', 0, 0, '127.0.0.1', '内网地址', 0, '192.168.10.149', '内网地址', '2025-08-10 02:00:15', '2025-07-31 17:38:46', '2025-07-31 17:38:46', 0);
INSERT INTO `sys_user` VALUES (9, 'WebUser', '$2a$10$uTyUKEl.mc24YCN44QSjOukVgnc1hPGm6OFdZ0oQo6i5G5Yd.gIqS', '网站用户', '123456@qq.com', 0, 'helloworld', 'http://14.103.112.11:9000/sidifensen-blog/avatar/avatar1.png', 0, 0, '127.0.0.1', '内网地址', 0, '192.168.10.149', '内网地址', '2025-08-10 02:00:15', '2025-07-31 17:38:46', '2025-07-31 17:38:46', 0);
INSERT INTO `sys_user` VALUES (10, 'WebUser', '$2a$10$uTyUKEl.mc24YCN44QSjOukVgnc1hPGm6OFdZ0oQo6i5G5Yd.gIqS', '网站用户', '123456@qq.com', 0, 'helloworld', 'http://14.103.112.11:9000/sidifensen-blog/avatar/avatar1.png', 0, 0, '127.0.0.1', '内网地址', 0, '192.168.10.149', '内网地址', '2025-08-10 02:00:15', '2025-07-31 17:38:46', '2025-07-31 17:38:46', 0);
INSERT INTO `sys_user` VALUES (11, 'WebUser1', '$2a$10$uTyUKEl.mc24YCN44QSjOukVgnc1hPGm6OFdZ0oQo6i5G5Yd.gIqS', '网站用户', '123456@qq.com', 0, 'helloworld', 'http://14.103.112.11:9000/sidifensen-blog/avatar/avatar1.png', 0, 0, '127.0.0.1', '内网地址', 0, '192.168.10.149', '内网地址', '2025-08-10 02:00:15', '2025-07-31 17:38:46', '2025-08-12 01:30:15', 0);
INSERT INTO `sys_user` VALUES (12, 'WebUser', '$2a$10$uTyUKEl.mc24YCN44QSjOukVgnc1hPGm6OFdZ0oQo6i5G5Yd.gIqS', '网站用户', '123456@qq.com', 0, 'helloworld', 'http://14.103.112.11:9000/sidifensen-blog/avatar/avatar1.png', 0, 0, '127.0.0.1', '内网地址', 0, '192.168.10.149', '内网地址', '2025-08-10 02:00:15', '2025-07-31 17:38:46', '2025-07-31 17:38:46', 1);
INSERT INTO `sys_user` VALUES (13, 'sidifensen_14919133', '$2a$10$9Ai7TJESMAuzQ7PLHsj.SuxmKA9IBYoJVPgBKsyyb/AqKbjYcKXOe', '斯蒂芬森', NULL, 0, '梦想是成为全栈高手', 'https://foruda.gitee.com/avatar/1752080025136627357/14919133_sidifensen_1752080025.png', 0, 1, '127.0.0.1', '内网地址', 0, '192.168.5.4', '内网地址', '2025-08-13 23:09:06', '2025-08-13 23:09:05', '2025-08-13 23:09:05', 0);
INSERT INTO `sys_user` VALUES (14, 'sidifensen_186551034', '$2a$10$4j5DL6d8XUOjmYcRIScmluLz4DGFifrpy8fE4gfV/2KADu3R/vv6S', '斯蒂芬森', NULL, 0, '梦想是成为全栈高手', 'https://avatars.githubusercontent.com/u/186551034?v=4', 0, 2, '127.0.0.1', '内网地址', 0, '192.168.5.4', '内网地址', '2025-08-13 23:30:34', '2025-08-13 23:30:33', '2025-08-13 23:30:33', 0);

-- ----------------------------
-- Table structure for sys_user_role
-- ----------------------------
DROP TABLE IF EXISTS `sys_user_role`;
CREATE TABLE `sys_user_role`  (
  `id` int NOT NULL AUTO_INCREMENT COMMENT '主键id',
  `user_id` int NOT NULL COMMENT '用户id',
  `role_id` int NOT NULL COMMENT '角色id',
  PRIMARY KEY (`id`) USING BTREE
) ENGINE = InnoDB AUTO_INCREMENT = 50 CHARACTER SET = utf8mb4 COLLATE = utf8mb4_0900_ai_ci ROW_FORMAT = DYNAMIC;

-- ----------------------------
-- Records of sys_user_role
-- ----------------------------
INSERT INTO `sys_user_role` VALUES (2, 1, 1);
INSERT INTO `sys_user_role` VALUES (17, 2, 2);
INSERT INTO `sys_user_role` VALUES (38, 14919135, 3);
INSERT INTO `sys_user_role` VALUES (39, 14919133, 3);
INSERT INTO `sys_user_role` VALUES (40, 186551034, 3);
INSERT INTO `sys_user_role` VALUES (41, 14919133, 3);
INSERT INTO `sys_user_role` VALUES (42, 14919133, 3);
INSERT INTO `sys_user_role` VALUES (43, 14919133, 3);
INSERT INTO `sys_user_role` VALUES (44, 186551034, 3);
INSERT INTO `sys_user_role` VALUES (45, 14919133, 3);
INSERT INTO `sys_user_role` VALUES (46, 186551034, 3);
INSERT INTO `sys_user_role` VALUES (47, 14919133, 3);
INSERT INTO `sys_user_role` VALUES (48, 13, 3);
INSERT INTO `sys_user_role` VALUES (49, 14, 3);

SET FOREIGN_KEY_CHECKS = 1;
